Lost Miners Claim Pass ID,Lost Miners of the Ether ID
3521,923
4171,8978
1217,896
7394,4797
6577,1684
113,188
2980,3833
8329,2087
7774,7770
1770,6699
7250,5189
2764,9739
3400,3584
8718,3796
9286,7513
4333,1926
9636,7643
8114,9991
349,5414
8014,5783
5631,8669
9054,317
7001,7911
9233,5949
3029,161
1637,5801
8548,8498
1618,5055
740,2252
9218,2772
4599,6735
6599,9761
2484,8950
9486,5450
1120,2265
8760,8325
5257,8251
14,6788
6742,4832
3442,5273
1402,8239
7052,562
3220,1811
9498,7333
9279,747
6267,8404
5689,3465
3798,5456
8988,4917
4556,5448
4003,6041
2555,4047
2058,8868
5832,1992
7793,5913
8316,6197
3402,5876
9261,522
9255,4893
2416,3466
238,6536
6488,7887
9619,288
5666,2029
2050,1294
3561,6813
6024,6042
9445,9007
1662,3274
5765,1225
1203,7979
7156,8488
841,3245
1691,5836
2751,6976
8936,163
5856,6019
9292,8079
665,8350
7075,6334
717,863
7584,8256
5524,8434
9563,6180
8487,2735
481,6547
3302,1483
5771,5293
4371,3367
2822,961
3416,8890
533,23
3989,9826
8977,5153
8469,4623
6504,9865
9087,3744
5270,1535
5896,457
8228,3014
7037,7463
3188,8496
9915,257
3782,1
8722,3635
9957,1176
3078,3358
1176,254
1568,1438
3551,4957
3441,8678
5941,833
291,1808
6204,2197
9178,7301
7189,5119
1224,1635
4679,6749
5826,7640
750,1944
2116,9109
1788,9880
5768,3200
1690,8143
7944,6881
7457,8313
3148,6451
9774,1010
8400,281
1934,5945
4593,8633
7646,3136
479,3993
3478,6184
2163,8958
9666,3041
6332,5533
3279,2068
3720,7933
4783,6930
504,7903
6575,3054
3070,2691
18,8217
7550,1864
9014,7920
519,703
7038,3519
5995,6891
8018,2929
7490,7618
34,1007
942,2668
8436,9914
8311,7729
582,9879
1465,4809
3587,7976
2643,3207
8525,8422
6912,8146
224,3365
5363,1423
2959,6586
6832,4178
8209,5607
1678,3992
2357,3589
6018,682
7421,8720
6476,5468
8279,9303
7681,9288
369,577
1105,2867
9401,5609
3886,1129
2616,7748
6135,8794
5648,6044
1617,5726
3100,8397
7965,6841
3094,1439
2634,3711
9892,9999
9017,3217
7781,7621
3487,8049
4144,4912
6856,1692
6773,135
5693,500
3412,5381
2711,1547
662,5845
6726,6850
1989,8415
9307,5353
9236,3549
2216,2382
1261,6570
6443,6168
4552,7718
2340,5946
999,4265
1411,8336
5839,9680
2469,5974
7985,620
9252,8647
9212,8044
8964,2098
4568,8710
507,4297
6249,5840
1122,7153
4434,3016
5978,2415
9784,2446
6290,5057
9676,2780
5234,1893
1744,5255
3291,4933
4130,251
8561,37
9733,2286
8818,8811
4778,8482
4102,6861
8257,8426
5520,5568
6188,600
5162,6160
8050,7796
2092,7473
46,4661
2388,7147
9723,6773
7603,6632
1110,5128
6521,5373
9177,3588
6645,3142
57,6012
3198,4880
1809,2344
8105,6747
3667,2694
1560,4715
7163,3906
5326,5778
3107,4597
6862,235
6852,9512
586,8486
460,2592
638,1578
8703,8185
2806,9207
9586,9076
6415,3536
7195,1295
3463,2377
376,2334
6816,5208
6425,9253
8935,2499
2627,1810
5323,1526
961,746
2242,3247
4062,265
689,1807
6111,3387
6527,3486
1941,6250
7619,4521
9758,828
3268,4964
7166,3596
1969,1737
184,9047
7839,1297
3942,7351
406,3597
8738,9224
2160,5202
9898,7004
4699,6728
195,2164
3804,190
5552,5071
2604,2607
3830,8632
5665,2817
6433,6843
7062,264
4005,9133
6264,9343
2902,5759
5415,9842
1364,9134
1483,6161
9757,6059
1301,7948
5596,60
9572,6916
2364,9227
282,5325
6202,1322
7971,7119
6967,1515
2332,4512
3394,5150
7735,7697
3352,4528
3377,3671
6964,3025
7836,2641
4419,533
2165,6335
735,6201
4543,2122
9084,4671
3502,7586
4198,5154
1827,1131
2101,1075
4685,4968
6770,7418
1332,5640
6087,7492
2564,5396
1931,2458
2760,6893
3749,7078
3195,1744
1648,5659
4375,5538
3178,2131
9303,7209
6824,4739
7415,9465
7577,5597
7500,379
3040,2835
302,1760
3960,2952
1351,7611
8402,1803
5038,9098
8415,280
9970,5552
5407,6717
40,4207
3323,5854
5105,1205
2041,3222
129,8085
6938,9211
9507,4496
9704,7442
673,3262
9356,4204
8546,9553
2945,8098
379,4283
6748,8090
4986,5692
8201,9793
5793,2572
7693,4783
4487,1090
1534,9852
3973,2393
6149,1613
8863,2941
5637,9872
631,8450
2298,4598
7466,6605
1152,1289
3312,7415
5649,7029
4237,485
1974,1696
6449,3769
9441,3966
7463,4337
6423,305
6635,3268
211,8749
8910,6269
5913,7123
2911,5517
7762,4795
2667,8445
9227,6470
1917,4615
6600,893
3266,2517
351,309
1555,418
6287,667
3997,5315
623,954
3144,1025
7335,283
228,5571
8167,4352
6102,2451
4085,8936
6830,7799
7815,6960
6282,4141
1290,7325
7020,8693
984,8773
1972,7500
2234,5573
78,6549
6231,1263
9266,799
3216,9585
6053,1105
591,5523
3676,2951
6445,1013
6161,4168
6268,8128
6235,4698
8902,2728
313,5411
4391,3096
6868,4898
89,3158
4762,8964
7812,1222
8606,5054
5541,9690
9476,6193
510,2624
31,7549
5370,342
5568,5218
7107,4804
8278,2205
9108,6647
7647,4526
1753,7113
1536,7328
6289,5049
2464,2385
1215,7056
3389,2640
3894,4592
7669,8119
4156,4335
4590,5178
3150,4463
4788,1933
708,1390
8416,1285
6795,9139
8999,3791
8491,433
3290,4962
6940,1560
1480,8095
6934,6965
6884,9551
2707,2241
2897,5257
7809,3233
2835,3868
2500,7545
3138,6090
4204,9767
4448,7873
544,2621
6834,491
9863,7483
8296,6026
9923,416
7077,4310
2905,4414
3246,2371
3236,3504
4388,9362
8043,6230
615,3959
9465,9257
9698,3521
8028,9588
8691,8595
304,9819
4041,6847
2293,9319
8112,1497
8490,2920
7433,5618
3139,6368
2290,7930
2018,2625
4886,328
5508,3437
5411,6060
301,3911
8643,2859
4708,5584
7164,294
6328,2108
9357,2303
168,5384
4703,6435
6216,6759
1198,1813
8115,6884
7377,6150
3023,6633
9661,1065
5933,3327
7013,7069
4873,155
4387,4825
434,6284
9155,3799
5792,3114
4728,5358
8180,3723
3181,4961
2372,1233
9659,4391
2338,2509
776,3850
5597,4827
5889,3797
3879,6266
798,7879
8714,5175
7295,5480
3775,7264
4210,6787
5148,830
3355,8597
6949,6265
7219,6227
6394,4401
895,7761
5187,3656
4798,1980
6618,6707
9985,86
6473,2965
9950,4075
4235,2523
8437,9936
679,6236
1577,2341
7918,6666
5428,6740
6767,3431
5521,2187
9988,4315
699,5896
7349,6079
7618,8873
2124,2643
7414,6120
2356,9874
5598,8156
9961,611
4720,4579
6700,4785
35,650
5135,2234
2002,8226
8277,9781
7560,9657
2686,4986
7752,6751
2052,2813
3949,7173
590,9811
757,1584
4186,9600
6913,9603
9971,2615
6193,2125
5482,5004
5174,1876
7997,4886
8253,5458
9960,9443
546,8270
3473,3935
576,7865
1335,4486
6556,9702
2027,4990
8451,2494
1579,304
496,4331
8972,6606
7891,818
1765,5360
5960,2156
3739,5037
8517,2618
7934,3047
2519,6668
4911,5785
933,5171
9689,5914
8368,4449
7807,1468
4721,6643
5538,6818
6516,7683
1012,5795
4158,4558
2228,7892
5369,2077
2474,5507
7842,8532
4416,2768
8832,710
4592,3371
5315,2213
1591,3764
2219,6370
1476,4575
8558,1787
1729,250
7029,7018
2814,3823
4058,1649
9522,6219
6468,9968
6351,5328
667,7079
4429,9503
1383,5348
7032,7315
7138,8885
5586,2469
1936,9654
6874,1021
8398,9081
5861,7566
3934,3401
3872,688
6972,8439
4145,6599
8620,2182
3358,3792
2257,9661
929,9745
9273,9136
3854,5561
4849,3397
2773,9247
5377,3366
8282,9833
1689,189
6826,9180
945,6739
4400,1125
6716,7326
1976,406
7906,681
7126,3143
7979,8141
3932,3291
3470,726
9663,1229
8918,5079
1975,1382
924,1805
3447,2783
9812,43
7953,7502
3456,3689
7088,5545
8223,9737
6592,6355
8023,5991
7715,5466
4591,3322
4087,2038
9744,9883
6564,2930
6960,5642
207,460
2655,9375
7046,9877
9461,3450
887,5547
7811,3804
1368,2441
9780,3015
2080,5260
9081,2031
285,1009
4573,8757
5599,683
6263,5560
5013,3488
9954,2853
9210,7779
2133,2274
920,5824
4990,3673
445,4035
6381,9953
3670,2268
5232,7550
3147,7146
9350,2882
6092,6635
8792,3892
8850,5299
8708,4889
7153,1313
4287,9550
9573,59
2301,1385
8665,7224
4279,3527
3365,1377
3130,9663
1883,2757
1286,5614
6437,5953
5722,7193
8851,428
5281,1847
2568,5639
1158,8926
8733,9130
6421,5205
8511,9655
9763,9258
289,245
9773,3921
8460,7860
6859,8054
1541,9135
6495,3798
1786,7595
1183,9090
4711,4556
2226,5582
5082,9049
4745,7403
6450,5101
3522,3829
1518,4211
2373,3080
6983,4904
2529,9906
2209,6153
8439,5756
6728,932
3819,2899
3861,7973
5788,3195
4476,8795
780,1442
7672,9972
6992,7572
9243,3774
7201,6289
8259,67
221,7904
8410,5575
8429,3665
4081,4068
8914,5267
8921,5948
6343,2033
4887,4688
982,848
5213,3724
4843,5038
8136,6583
602,8034
4520,5951
7084,9563
6178,6135
3825,4584
6153,8314
3589,7305
2316,8334
4505,3582
9088,3128
6828,1249
3324,9539
4173,4342
7237,9131
759,3118
9264,4033
1674,1952
691,7508
4178,38
7002,1402
4582,9483
5133,8104
473,9939
3360,1977
6678,5542
1868,2661
6986,2375
3486,2162
3443,6009
4142,8177
74,5190
9613,1995
5691,7465
7213,5016
7369,4101
9012,4301
7913,5416
2715,7286
645,2710
9708,1089
8489,2346
5464,991
2475,9287
7346,9684
9927,3302
2552,9995
7344,3443
7640,7713
1281,8024
332,5806
3596,3404
3914,1905
7536,7192
4310,8561
3744,934
6327,9365
1469,6132
4423,7417
2263,174
3173,2552
7289,5339
6117,7576
775,4567
2693,5219
5371,479
747,9669
2256,9500
51,4473
1745,51
409,988
8861,4086
2799,5755
1124,9973
2810,2820
3850,1287
6487,8159
7045,5799
9677,7447
3480,2990
3921,4080
9121,1403
873,8425
7193,8433
4922,3875
8070,7787
1542,2526
8687,1067
8324,7567
5269,9849
9984,9854
8907,7213
2940,3535
4175,1032
489,5393
5701,8476
4879,6047
5676,5851
8156,3271
1960,7626
4850,6634
8656,7932
1004,2584
9608,8910
6584,2266
1789,9518
1502,7921
3161,8481
9797,7581
923,3347
4976,5201
6692,1425
3388,5120
975,85
5200,6596
2135,2996
770,1794
5181,8714
5365,4531
8397,8581
6360,9703
3957,7962
1162,1742
4512,8947
1237,8403
8444,2285
2743,2153
3101,9427
7682,9342
7763,7421
9437,7776
7233,3702
2074,4073
1830,7606
7607,1802
2103,6092
5057,4697
8499,5234
1961,9749
1452,6500
517,6768
8765,5198
9508,2852
4594,5958
5494,1989
658,3317
112,6665
5030,1722
8956,5043
4764,8843
7505,2406
852,931
613,7656
9901,9074
7600,8166
7424,7856
7154,8391
2015,5889
9535,7283
7288,7329
8603,7899
2445,672
8555,1896
1607,9061
4963,8544
916,9198
3577,1109
8761,7395
3954,2011
2322,3808
9753,4629
744,134
4727,5220
7131,8851
1985,3294
4530,5711
8790,8478
3527,9674
3755,9557
9650,8803
2976,6507
8574,5906
767,8716
8435,980
9455,7698
3013,116
939,3042
7758,3250
2973,1581
8627,5565
5784,1817
3716,1727
8484,4955
642,8106
5615,1135
7935,9839
9010,523
8931,7337
3961,9305
9164,8168
457,9301
511,5910
9313,4840
1856,2270
2043,6142
619,7619
6186,7531
7474,7503
3881,9315
4268,6550
1685,1554
1459,5522
3385,1572
9585,4438
3630,7207
1060,8712
4683,2188
9500,6752
2642,6593
4579,3340
8337,2725
883,2110
9690,6523
998,2909
340,1821
5203,141
5087,341
9180,1057
7205,7970
1748,6375
1526,9129
2601,9178
741,79
5339,3803
7113,8743
4359,2521
9519,487
6802,2586
9086,7923
8485,9533
876,691
3143,901
4242,7635
4508,837
5137,9970
53,7577
4868,9834
1235,4481
4773,6825
9219,4288
7792,493
2526,6216
6649,3611
5218,5658
8394,7823
9888,413
2196,1034
979,486
5126,4959
9386,7959
4609,8543
9735,372
3374,1453
4878,9200
5911,8519
9584,8228
3555,331
6261,1704
4931,2647
5280,7700
7380,8626
5489,8377
6134,7520
8202,4318
6119,5000
9819,6557
6324,5884
7431,3583
4651,6945
167,9647
8344,7298
2385,2546
9741,4170
9856,273
611,5090
1240,2480
3549,2800
3206,900
326,3987
1822,8357
2265,652
315,5471
7232,4412
9996,6166
6159,4118
7010,846
9107,7310
7789,1984
329,3506
6417,2414
4292,2330
4746,3257
1084,6697
5302,9762
2916,4940
4507,4344
4756,1326
1824,432
6406,8136
3383,1592
8502,4657
8153,2472
7817,4370
8767,9652
3616,3384
7820,3904
8099,2392
2170,1172
6164,9411
8683,775
7329,8060
8242,6063
9949,4478
2818,559
6529,9649
21,1714
9326,9656
8650,2534
6729,4027
1684,8145
256,2134
1759,4212
7071,4138
1973,2476
5322,8971
4767,9717
4082,450
8234,1354
4802,4194
5380,4450
840,9892
4345,8823
4999,9554
7542,4847
9867,4010
6774,2025
5884,7917
2636,480
8670,3920
9789,8070
5275,6313
4531,8383
9044,307
3548,2364
7350,9485
704,5864
7385,5594
6633,2789
6669,1888
2426,4216
7736,1797
803,9959
4301,1589
2800,1964
7787,5935
56,7378
4537,4467
4435,6413
4478,4415
2792,3532
8219,9002
8263,9763
208,2891
4855,7909
1741,8807
5095,7240
9482,9197
8549,179
9158,3971
5950,6772
7249,7810
5020,7740
8104,9311
9128,4243
1441,4777
2652,6028
8601,3980
1472,2000
8707,8880
7269,7709
2345,9333
5343,9664
8275,9530
6353,5698
9946,8886
1131,9736
3357,8388
9699,1118
6201,1778
6738,5253
6793,100
9822,8594
4608,7470
4402,228
3709,1539
2892,7066
6208,142
8531,2638
648,8007
6747,5617
9021,3526
1422,199
6687,5371
2907,7391
7481,905
2625,3563
8686,7370
2863,549
1181,5280
8825,7247
2062,4676
1817,5994
3726,855
5590,7731
8404,3609
5029,3918
1915,1689
3061,7629
1387,5262
5362,2167
589,2345
9908,7334
401,1384
4501,9089
7222,6414
1697,3827
7190,9645
6321,4721
6255,2727
3380,8491
199,1591
8414,1527
6002,5209
2855,478
2582,7758
2714,758
2944,3559
7058,8762
4169,1004
7171,7497
3482,8550
2391,7825
2281,8653
2895,1151
8303,8887
2167,318
1298,1757
1567,6669
5523,3171
9893,883
4460,103
6173,535
9235,3022
4118,3231
8941,46
7231,2811
5581,477
6104,8911
8247,7139
81,2697
4025,7644
3166,9314
1144,7998
6877,699
2854,5232
6410,8980
8076,7472
5542,244
1038,5430
7915,2237
7893,6608
3792,2693
8653,5415
2635,5993
5259,4978
1143,3778
739,5746
2581,3845
5906,4037
6344,32
7797,468
5528,4516
6304,5442
3868,9723
7591,2699
9978,8625
1813,9432
1930,8968
8695,3276
2186,488
240,9384
2112,5483
3017,708
8599,8155
6078,1690
4295,9681
5979,4149
7516,3703
816,4743
5044,5087
7778,5982
398,1315
8157,3592
9707,8278
1101,1681
4443,1812
8692,1293
3990,8077
4944,7942
3563,1387
6257,4070
2282,1202
1823,4779
1164,7828
8390,9561
8778,1974
7664,9878
1530,3333
4588,7416
7716,3130
4567,2792
2376,8685
980,1546
8481,6723
4862,9440
1628,550
2046,2769
7671,3385
636,1543
4625,4603
4768,1632
5318,5248
1908,3622
5389,9141
5989,9602
2512,3731
5124,7542
1861,72
1695,4426
1319,9265
7507,6642
422,9693
2710,7122
7562,6575
6276,3654
7532,1362
4854,7614
3635,3099
9117,2321
6696,6078
3641,6912
9568,4947
1546,3502
5201,3852
8208,4052
6734,5688
7236,7925
5417,7202
4639,3586
587,7704
157,4435
8811,4822
7121,6318
9951,7988
9256,5880
5019,7045
4784,276
2524,1217
7220,5286
4122,4909
5881,2603
6650,1359
2539,9606
5068,8442
2718,8413
3305,8489
2375,778
6528,9856
6144,6134
1102,4679
8587,3205
8038,3133
3735,4076
3719,4543
7372,3715
6214,3957
6979,6017
7287,6780
1377,8280
7846,4319
3765,6415
9195,4060
5627,5484
4859,9110
3953,2801
7656,8153
811,6305
4760,8102
6991,7229
7566,906
6071,862
3999,2484
5130,6345
5838,2503
3152,6638
981,5452
4315,401
6132,1703
9836,2431
1249,1634
8795,9415
3758,420
4526,7668
5056,4588
1921,3751
6192,6471
2283,3677
9411,2325
6925,9368
4923,8400
7527,2636
1356,153
2331,8590
185,952
5930,6660
2273,2019
7725,2730
9850,7174
9093,903
4262,5743
5296,7735
9345,4784
9756,1282
1858,9404
6715,1292
5758,7287
7652,3166
3490,8877
6229,9441
2527,1833
8031,2107
1815,6725
9381,6383
6746,9032
7118,4876
3429,2848
5116,730
1342,6228
1616,1214
3479,2144
6888,3147
4064,4991
9089,4927
6082,5254
8989,2722
943,4430
9019,203
2274,9100
7596,9571
1995,6962
3562,2026
2075,8923
2224,1369
8829,8825
3627,5634
6820,1710
5314,1001
3685,4322
8016,6436
413,6367
9909,5781
2968,9068
1872,7453
3557,2007
4028,1666
1670,2369
1308,2862
4320,1256
9409,2353
6719,5227
3559,5398
5825,7966
6346,2549
6072,3277
2055,3281
1804,2079
985,796
7992,4613
134,2807
6513,5898
9064,8289
7741,8124
4825,30
8049,3668
4213,8175
1580,9913
4342,8310
5139,4393
9096,6851
1760,6015
5059,6579
5656,2403
4394,7642
3476,4016
5571,2100
2838,2985
5875,4651
1757,9653
5992,8912
8631,1429
6926,9000
9914,1170
7803,2356
9614,2127
5967,4249
4200,9505
9309,489
4057,8694
7825,9980
8055,7759
1212,4123
4160,5307
4480,7532
139,247
6391,4836
5594,2980
4961,9741
9022,4339
4331,7482
5973,3620
9737,8570
2432,2614
352,7360
1754,324
6411,5035
6570,8624
3262,882
6191,8419
1171,1602
8834,8602
7951,9409
3351,6831
424,8666
6130,3579
8462,117
5924,3336
9933,9961
6750,3206
1300,3681
5393,1699
1954,4280
7100,4626
5317,7130
3189,4716
1337,2827
7895,6931
3043,1269
8461,8163
5910,1182
2288,3072
6752,1676
825,4540
8957,4758
1882,4294
3982,9099
4532,4680
3818,1164
4450,4668
7322,7858
8230,6765
2937,3643
6306,2483
4662,4612
9051,9117
8106,9733
6305,8900
7887,2154
886,8025
6785,8092
6147,3634
5220,5165
3024,274
7123,4117
4174,3019
4362,4522
7751,4064
5346,7443
9583,6033
9149,2054
116,8566
2950,9513
7851,5105
1676,4487
461,9154
1142,2559
8033,7938
6652,6870
7116,8612
7479,911
6302,994
2008,7516
6456,2755
5079,8443
5908,5656
245,8213
6293,5155
7443,7661
6338,5737
9907,1848
2876,8193
9105,5015
925,7438
7863,1212
7061,7383
2614,4175
493,7330
9222,9116
9631,4147
7396,6492
4996,219
6431,5109
5160,1140
2535,1475
3970,213
2735,9676
5529,7996
325,6110
2756,7152
8565,8088
7827,3455
2317,8839
3530,884
3114,1052
6284,9779
4266,4980
2367,6656
9131,1068
5443,8918
4667,3263
6039,4230
8229,3103
5065,7197
3736,3569
7740,1348
7033,7854
9593,4655
9194,3602
782,617
3016,4374
7327,3414
4576,7561
1461,7307
6413,4226
6609,6674
5925,5406
2184,7678
2989,6750
4937,2812
1981,7484
1269,1831
7782,332
499,7778
525,6653
1909,4054
4705,95
3925,6996
3177,1923
4215,5250
7854,974
6069,7791
3106,9570
9540,6486
5512,3236
7975,2424
9529,7469
5565,7053
9444,3280
3836,937
5567,7935
5131,2180
5869,5981
7391,8765
2904,7940
6006,2053
1629,8799
656,6198
7378,6800
7616,5714
8345,1553
3401,4321
1267,5213
1854,4808
6380,6693
9972,3050
1588,3529
9020,8000
674,5297
2813,6277
827,7031
2796,3083
8346,4885
1659,8659
7537,1855
9846,9893
523,6393
9369,3342
1646,4440
6776,4769
1007,5233
4098,1302
2173,9754
6525,8687
7284,1663
4123,8791
4094,3516
3451,6379
1819,5620
428,2803
1548,6770
7692,8935
3035,3701
9887,2084
2594,4787
4692,6913
3217,6899
4710,216
2486,7239
1268,8642
9948,7003
1831,5689
8536,2675
3211,5449
709,9025
2177,6650
3454,1490
9981,9760
3286,5623
687,1251
4184,8889
4377,2611
9181,4720
3331,9336
9700,5163
9809,8901
4655,1506
9296,3000
5316,4728
3335,7677
8177,5364
36,5334
76,2790
6194,2383
7199,4850
5376,3131
5945,9807
3020,1842
5501,1911
3249,8207
4829,1097
3218,1542
5988,3376
2571,2919
7011,4057
7073,8230
8649,7388
1491,7685
9752,4437
5632,5793
8423,1358
7449,9059
3187,3383
597,9073
1986,6827
2088,9222
5937,4791
9285,239
3743,8966
5192,5425
4172,1865
8376,9170
2495,2677
4827,1661
3646,917
9396,2756
5668,3319
3165,8064
6781,8096
4871,3392
7348,2027
9091,7461
9251,6007
2589,5463
5677,5847
371,230
1447,8553
4422,6664
5963,9900
2757,3421
6993,5537
8127,9225
4424,367
1556,1642
97,310
2575,7012
3582,7203
7676,3149
3625,2885
9881,1583
1899,3598
9852,9403
1640,6311
430,1413
5936,8618
1083,8845
6831,4083
1485,8955
2919,839
5418,7150
9038,4424
3252,6282
3457,530
1565,3624
9987,6069
7386,575
5433,4245
7561,5696
4797,126
9918,9444
1154,4235
6156,8180
5878,3001
6403,8487
4955,5343
3512,1199
9557,6215
8405,8573
192,7495
4358,8517
5855,6542
2161,8706
1450,5399
4921,9239
5905,7859
1516,1729
9921,6328
6533,3229
8720,1973
6256,2861
9328,9072
2428,1859
1405,539
5366,9858
6744,6051
5569,3899
5864,7556
2429,4972
5748,5820
4585,9210
7785,6421
646,6990
8085,3551
4900,5779
3930,3919
7196,2997
4707,3369
2424,4155
5909,3825
2671,6588
7437,3863
5770,3748
9300,6064
7272,3491
8844,7262
1645,3894
1990,48
5870,9967
9959,9108
4906,3357
4415,3515
3201,9373
4163,2729
948,3075
3907,1159
1236,7450
2860,7115
2650,7425
8991,7574
3038,263
1340,5310
3624,1782
1713,8421
9668,5849
5604,2577
6674,3300
7230,9250
155,9949
950,138
3207,6923
5471,2851
3779,5862
5651,7953
9833,8376
7667,1427
432,2308
8787,16
8152,2676
1195,8189
6634,8370
9034,6858
9492,9925
3366,4751
720,8736
7168,7528
5877,6748
288,4965
1109,4127
8725,217
1582,2745
8776,204
4323,5026
5267,9138
5761,9624
9008,3802
1150,6761
7990,2874
9842,9946
3026,4981
8035,1664
5740,9203
978,2235
8164,8654
1213,4818
8821,2917
1519,8199
1552,3244
8788,7404
1524,8780
6402,4580
2122,9978
7244,5294
187,7396
9330,3030
7134,8829
5276,5909
7696,2529
3550,4757
4227,3824
4589,3783
4139,3111
9197,9998
3837,2035
8057,336
5902,524
6530,844
8024,8103
2233,9255
9427,9628
8171,6672
6120,5790
6965,7703
5304,5268
7510,7919
6265,9544
573,5206
3897,1768
9620,6988
279,4826
2501,1930
4047,9932
6850,19
4744,9526
2586,6738
2726,8333
5549,6268
3193,1556
3160,5342
8759,9088
7482,584
9339,7300
4774,1573
3662,9831
1228,2974
2408,1396
1220,3755
4474,7786
3123,5077
8075,3945
5153,6056
3790,1371
6976,7664
4233,637
8083,6455
1999,5827
6872,1693
4075,684
319,1106
1613,6273
8636,5769
1201,2876
9934,8739
7422,5600
4346,8355
5920,2622
6879,5716
1855,2404
4761,4945
2237,9504
3215,5516
4569,7751
723,569
6998,7110
4120,2843
6163,501
1790,7866
1310,300
9425,7273
7699,3679
9740,6863
5064,2716
2848,150
8216,4049
1937,5932
3113,3846
8480,7804
2651,8775
7580,6205
1894,4246
6171,2875
8477,1978
6412,2442
7729,8785
8830,2742
4851,2986
1338,5104
6013,4967
9410,6880
5517,1897
3146,3077
6701,6852
2661,8358
9033,9127
7518,8473
1587,271
931,5102
2511,664
1605,6254
9504,4172
6956,1570
5551,7116
1769,1517
9349,8032
2878,9766
1671,4182
6219,7080
2886,7000
4511,4498
604,96
6671,7617
8882,5058
3505,3237
79,5602
5900,9352
7606,4378
9075,5039
4290,9191
953,7028
3657,1826
6825,1582
9768,7588
3821,1036
1506,1610
9615,3167
7717,947
2239,6001
3089,4865
8475,1469
3996,7739
2011,9804
1140,7880
6772,6939
4680,2918
9528,582
3933,4750
1100,7897
5088,6453
7141,1731
5763,5405
5894,6271
2885,7928
2268,6708
664,7967
6759,1998
9947,4214
1026,8863
8357,2003
3453,6494
2639,2775
5643,3697
9772,4013
7909,5663
4781,8111
2368,4681
3297,1146
3501,3565
3683,5787
6975,6327
8592,41
3168,2506
5940,8855
2591,3492
6424,3593
6801,6958
7419,8835
3359,5983
8207,822
2327,4923
1498,8220
3133,9607
5778,2360
9691,8856
9912,2802
4195,4694
7795,3507
7977,3848
2558,7878
3096,2570
7569,4190
5507,444
706,5282
6050,3467
1539,4508
4138,3895
204,2555
9343,2391
2790,2150
2286,3156
7690,5127
7512,9866
5478,192
3983,9495
2082,8747
951,105
8200,1891
6401,7537
4425,6048
7252,6398
7133,6626
7659,4055
300,6538
9800,7711
1444,3495
8528,5750
2341,852
7651,1585
4596,1766
8323,186
4043,6329
6093,8172
4535,88
2865,2950
1157,7871
5729,3659
1712,6169
400,7321
1922,8379
6414,2536
6520,8071
2324,8555
7259,5596
8674,2166
9406,1114
4153,7306
4470,6580
3275,8751
60,5985
6708,8651
10,7511
5256,4951
3760,3286
5462,1430
75,7546
6189,5443
937,7984
7865,7049
3175,7491
2493,3490
1522,9279
7003,9429
8658,2279
845,451
3651,1428
6766,4733
8029,6959
150,4700
4689,2228
3978,2250
4578,3189
2570,3201
6680,3903
3132,6399
5641,6506
3488,2828
5208,9292
9511,4176
1594,8655
7689,628
640,4888
2021,5500
8413,7468
965,7291
9674,191
1843,7655
2816,3910
9929,3078
1884,6288
561,1823
2541,9907
9466,8841
8979,1017
9721,838
4240,8052
3028,9157
7520,3674
4808,635
540,7638
7184,4868
3191,1267
243,590
6855,930
3395,2047
6690,6170
3649,9043
8896,7138
7117,9891
826,6381
1802,4884
6798,2841
5368,6221
1243,1937
1515,8121
1245,4396
1683,2464
1810,1555
1798,3644
1730,6856
6292,181
151,8045
1265,3408
2299,3960
972,8528
7462,4560
1210,7060
875,631
7258,5920
2577,6331
8598,4975
570,9027
8583,6438
2303,8996
8556,4894
2682,506
7323,1238
154,4792
5350,7355
1563,9618
668,4105
8309,4222
4793,8216
4405,7552
9771,4911
1866,3641
4408,571
6017,780
2329,7163
2425,295
9599,779
1106,810
3330,9560
8524,1408
9449,1138
8161,8530
3230,1608
2467,6564
6446,5249
4580,6361
1229,7805
2768,325
8791,4121
2000,1590
169,2485
1463,8761
4077,957
4260,4228
1339,1540
1073,8027
5421,3368
8939,4821
8779,7955
1847,8091
3310,7512
4584,8082
3677,6597
7780,794
8335,417
7316,7365
3273,8828
3639,8169
4348,1743
8580,9378
2,1953
8142,4732
9811,3187
4334,9810
6315,3627
954,31
4319,4042
8066,1761
215,9128
8962,5535
4628,2096
1825,4622
7940,6853
9241,3297
2171,5115
5483,4225
6387,9233
7724,1317
9069,6452
2037,7659
8865,3324
123,6594
6854,4934
170,4143
7091,4919
2947,4659
7892,2039
1699,1047
7351,7086
9669,743
9521,4439
6723,1530
3515,5194
6207,81
191,594
3239,3296
8058,4483
9414,7127
7006,8050
7775,1669
2811,5989
624,4534
6822,2339
4516,4586
464,205
1667,4648
494,7674
7573,7622
4140,2217
4201,3554
1231,2223
143,6964
9317,6337
1347,7745
2120,4503
7214,6283
8535,7385
7714,8408
5340,1793
3019,139
6754,3752
4456,1863
893,6963
3572,6595
846,2498
5372,6459
3002,6082
569,8953
4653,2048
1953,2357
4108,9335
2931,5374
296,6039
7575,8057
3731,715
3556,3405
3855,8330
2550,1688
7496,1786
4368,7091
5191,5195
2906,1604
201,6191
5956,4976
3696,596
7355,5917
8445,4830
9452,7381
8326,6943
4551,2702
1801,9188
7701,9148
596,812
1361,7481
3569,7342
650,386
7460,2914
8655,4741
7455,9909
9939,6882
5327,3269
3887,669
8945,4379
1218,5308
4820,5390
1630,4108
5479,2143
5273,3272
4933,340
106,2462
9418,4422
6169,9957
360,170
7808,4099
2118,2944
988,6771
5614,8382
9092,8137
1031,6753
3843,3818
402,5657
7794,5320
6479,609
4832,4630
3247,4144
5525,4079
1381,1134
4490,7499
160,7434
897,9574
9709,2825
7265,5744
5752,658
2745,7318
7137,9010
4791,1587
2259,7479
9487,2535
7374,6546
4284,3877
4658,2538
6011,8942
4819,3086
3778,4509
581,5685
7541,8160
8947,2409
3342,4425
8090,2823
5000,4177
4953,5695
5715,9377
4410,7454
9902,8017
4648,8299
6234,3035
8858,4480
9254,5738
6980,6716
8857,1640
8766,2256
4539,5984
5397,2269
8054,6556
9882,1333
3851,632
9028,5966
7921,8107
4099,6128
5799,6448
5667,1392
8471,427
9607,3542
7747,3838
5067,465
1374,6612
6587,9509
7845,9434
9094,7176
1489,4387
5089,739
4032,7783
109,7350
1246,1954
7264,3218
6247,8075
7896,2942
213,7693
3514,9119
5222,5833
6989,2616
2720,9985
9839,9937
3541,9924
4256,3361
7832,3146
2602,4299
372,111
4751,9697
6451,9625
4730,112
6483,5834
9678,4161
8096,6114
8673,7782
4998,7956
1585,5319
3698,347
8361,6974
6080,1412
3056,2821
7727,2777
4637,8105
1735,4122
6703,9543
9130,1856
4105,8294
6534,8318
7354,3739
8505,73
5703,8575
6735,5426
9142,9843
6386,4158
9186,8395
4614,5927
9989,3594
9475,7646
808,3447
4796,301
8843,3039
6582,769
3536,8564
8540,9355
9214,9805
8129,2984
2617,9171
6034,6888
7875,9578
9869,5643
4029,3473
5611,3730
3623,2688
554,5875
1945,2465
3128,3162
6788,644
564,5108
8938,3070
9026,732
3082,6297
4259,5269
7157,82
5224,9177
4606,5534
4071,4019
3199,4153
8165,8737
1949,4929
8582,5148
2870,9458
906,4154
8667,497
5658,5378
4121,1277
854,3604
3842,3165
2508,2719
512,767
4065,7073
6182,1720
956,3494
9489,4304
8503,1184
5402,3301
4360,8850
2042,4305
7822,886
2427,5187
5827,9055
7973,9447
2314,3462
539,8009
745,343
6409,2051
4936,2174
2588,7723
7432,7616
5469,7728
9720,753
4014,2243
9596,8866
8552,8899
756,3707
771,8099
9748,5810
5149,7070
1547,381
9641,5067
7022,5863
6099,5199
2309,27
2767,7578
4224,5167
7502,8857
3370,7217
3493,6505
8235,2893
9976,7961
295,956
7568,375
6942,8789
5971,6889
1161,5008
9283,5686
6882,7459
1196,8329
822,1111
2610,8043
5587,9748
2883,5691
7373,6347
1091,4458
8388,4775
1311,98
3834,8268
6142,2315
9470,7025
9062,3991
4893,540
9575,4993
4355,7353
178,9679
3212,374
3009,643
867,826
5602,9450
9683,3568
1025,5236
7862,2070
722,7743
6544,9299
4994,9646
4702,4576
653,1993
6137,8679
5773,1405
3832,4128
5331,6139
7710,720
8060,1152
4185,9776
5216,7389
2347,8750
685,4091
9904,742
8880,7346
9810,9884
6112,7367
9229,1948
6663,4738
2051,3713
8187,8545
7783,9920
8233,5407
140,5439
9628,1406
5686,6873
9201,678
1535,3214
8448,7185
9189,6719
8853,106
3119,6543
8849,6491
6568,378
6713,7005
8068,6281
4657,939
5829,2724
2887,3501
4938,8596
7816,3323
13,3556
8933,1169
537,2312
8621,4273
2297,1230
3525,2604
4565,5719
3966,333
4484,2627
8123,3567
6015,8479
2147,50
5353,3429
7939,7288
5929,9610
2414,9345
2488,7654
4,5631
4285,6350
3574,1532
5015,7177
7204,6175
5626,4537
5084,3925
3079,7763
8634,3089
9442,5858
3783,8881
3506,8427
9004,2322
8700,2170
2056,1945
4078,6029
3753,1177
2476,4045
828,3775
7447,5228
8515,9770
1897,8738
9304,3378
4299,5137
4722,7993
9375,4377
2546,7564
2918,8563
5100,2135
1889,6704
12,5894
9686,8513
2206,7445
5430,560
70,7798
450,8161
4749,6294
3692,6874
6038,8234
3774,3479
2110,1919
5264,6303
1146,3688
1775,1432
5744,6519
4891,4020
4241,5164
4254,8898
1543,8967
6493,7815
773,7824
80,5735
1407,3706
3902,8430
9071,2067
8916,6901
3839,4766
1562,1747
227,2770
8987,7344
9670,9346
6796,4347
3806,6733
8073,5151
9077,5722
678,8477
2673,8469
2366,3741
4389,842
1350,4620
6397,68
2913,4252
1336,4625
1595,4845
3346,9040
4519,9236
3373,4111
7949,6625
9469,384
5410,5010
8826,4375
4772,8194
164,2473
495,6214
6439,2065
3,2726
7860,3325
7056,7276
145,4506
1370,5168
7016,4185
2422,1458
3590,3435
4775,4944
4935,6222
5560,9612
1920,9824
5336,1112
9049,8332
8215,3331
1204,2911
9123,1551
311,4307
3633,4146
270,3113
676,9844
8399,1053
1701,6332
6722,7990
2451,8546
1814,3020
670,6783
2343,7017
9696,9498
1852,2454
2891,3370
1276,8271
3074,4519
54,9036
5559,6428
4165,3132
3156,6731
2400,2670
8363,2925
5800,9841
2087,242
605,4261
4960,430
1090,6299
7571,323
9048,4094
2742,2222
8684,2196
1495,2903
8240,9665
3432,5971
4431,6185
4189,7104
2185,2295
8577,8809
2024,5837
4536,3170
8660,4998
7957,3995
4211,9898
3448,8507
1785,1853
9864,2900
3759,8286
6035,5278
4093,9294
890,1827
3652,7134
1842,5159
7946,5541
9289,1637
1686,9725
6718,2737
8980,5699
5660,8237
3533,1014
5206,3432
4977,1148
5243,6244
8026,924
9384,6966
3375,8414
7420,6983
7299,858
2890,3446
5563,9083
6126,5529
8267,1655
1545,7316
475,178
8610,9777
1538,1626
8396,8420
3770,9124
9240,3303
6457,359
8239,9823
234,675
6602,9532
6651,3847
2923,5401
3829,1020
9434,3309
7531,702
2419,4476
6288,8305
474,4683
7149,3423
7086,2765
2444,8876
9726,8182
3866,5288
5010,2443
1141,2078
7567,5540
940,2886
2131,9709
425,8412
412,5954
2585,7949
2187,2580
2230,9873
4726,8832
7788,4635
4812,789
7621,1476
7178,8715
1846,7946
2020,234
7381,6980
5981,1616
5062,8254
4845,6577
4747,6174
1462,5158
7452,6487
8321,5340
3816,5885
1615,7044
8895,6602
9446,1868
1859,6402
7440,1593
4647,6081
6805,5126
5891,7214
9795,12
8664,4610
2352,1341
4852,5085
5142,3712
452,4536
5603,241
3945,9462
6220,7232
2864,109
6864,9802
4967,3716
4515,9901
3986,9975
3066,5668
1948,1411
2996,9945
4646,4839
866,5097
7908,5670
7564,4290
8095,2718
9612,52
724,357
7491,5281
9380,2748
2930,6689
8199,7978
1841,3916
6775,2764
4406,9056
2953,6820
1169,360
1023,7652
4817,6721
4143,7386
3294,5246
9337,1480
8120,4744
1177,4197
6517,8692
7771,927
3802,4383
2321,6560
5390,9523
6978,1415
2060,5344
9451,7818
7678,6240
5801,7272
9287,3117
9716,6535
8006,914
8554,4488
380,5608
2453,8999
5862,6182
3235,4544
3083,6097
7399,1882
5662,7741
628,3213
3598,2318
7565,3390
3316,3574
1593,8037
1408,8284
2003,6524
1348,1127
8386,1536
712,2752
6554,5563
6843,266
2914,7548
7024,8365
7757,4813
2105,7559
4835,3907
9368,7977
5440,1304
8289,3591
9548,1168
7583,7710
5214,3238
1428,3523
9493,1874
813,5518
1125,5831
6286,7849
8838,8726
7018,9860
4985,2609
4088,9579
7759,363
7347,9150
2401,3672
6881,9903
2737,3425
2278,9573
4021,339
3309,3377
87,400
5204,3453
6434,7331
4917,1015
3594,8917
1652,9764
2320,346
6580,840
101,1601
9435,3002
3580,5638
629,3031
4205,8585
5498,6839
9624,7604
1112,1394
328,4092
5713,7033
8191,8817
6125,3789
1608,595
9460,4354
6661,2753
7343,7401
5653,7178
8184,1073
7442,8240
5448,302
1743,5764
6780,9772
8635,8770
2986,5962
9622,6427
4036,9827
6928,6675
4884,2288
9133,597
5928,1594
3452,7695
1643,1139
2677,1862
1906,6758
6698,8374
4794,8527
751,2805
5183,2608
2955,5895
6422,2145
3120,2212
6861,1886
3072,2601
1003,2456
4882,7679
3724,6975
4370,6685
6954,2898
2844,5486
1255,2157
3697,5579
7605,5860
7800,995
4624,3209
9913,1391
9942,166
4008,4298
8021,6366
7673,6555
8221,8480
6699,7706
607,885
6749,8449
9463,3316
7850,252
247,2024
7627,5616
6226,9266
210,4820
9514,8311
8816,8363
250,1393
4396,5431
3544,2525
9191,7527
1375,349
5118,9354
8507,7717
226,4812
6081,3101
2823,1037
9072,4906
3643,226
6636,4686
8241,6789
1777,5530
2722,8704
9302,7222
4206,1783
5450,3693
1807,9348
889,1969
5814,2479
5447,5001
5077,1963
6096,4829
6712,8949
1221,8605
8928,1900
2759,2741
6762,6784
8218,3680
6961,1552
4665,2032
695,7957
4540,7196
5965,7190
153,1780
1874,1519
5099,3088
9556,7573
6254,9569
1055,7436
6466,2457
3125,7883
7872,9372
3893,5096
3746,7906
9995,9887
6589,6545
5484,2721
5745,8796
1776,2946
2319,62
2896,1245
506,8995
8793,8076
8630,1627
2831,7926
5705,9310
514,2340
9013,727
5260,8139
8600,6126
8898,8987
2547,7267
43,4202
3599,4604
8493,2588
366,2203
5646,912
6427,6460
3705,4386
7475,5829
3182,1288
4792,9556
545,4410
8732,5013
1633,9910
8373,6382
1749,6207
3788,4329
6358,1094
4125,9922
3938,1059
655,1548
3280,1605
6981,3409
2815,9651
5707,5811
6590,2419
9005,5311
9813,3098
7161,9950
5319,763
6184,4400
8044,3400
3382,6476
9458,9911
1794,2277
222,9034
2971,3374
1287,6449
2563,4631
4455,6113
6471,1711
3472,1064
2933,4081
2489,6195
5636,7008
4892,4428
4509,679
3752,316
8408,3477
4542,6140
2378,7460
7453,651
2258,2398
2611,714
264,282
6150,2575
7015,7105
1688,1852
7897,1078
9749,6353
2029,7689
3434,5772
9265,3806
3688,7755
5113,6099
3300,6621
5055,2064
8092,388
4533,8288
9348,3953
2361,1473
2688,3475
8632,940
5021,8306
2701,3456
6036,5709
3742,654
2143,9070
5378,2046
9488,8806
1881,2373
1199,1264
8071,1121
9185,5555
6365,4253
1134,831
8364,6517
790,9931
853,236
5863,8565
2126,7098
9595,8661
621,9738
3471,6121
855,9486
2047,3452
6502,6225
2837,8548
5918,8635
7513,1749
2369,6938
5298,4701
2574,2467
4979,8760
9217,3826
3223,1658
2406,5921
67,3090
8291,5029
2739,9042
4229,1741
6133,760
7641,2449
2200,6006
7182,4195
124,2979
3510,7647
2966,9615
7223,6392
8934,5428
5352,1383
567,3115
4948,2933
9284,642
7007,1049
9924,3790
3376,6900
239,2262
9876,7068
703,6729
8831,9184
794,7747
7274,6920
2353,6796
9943,929
5500,3199
2506,7544
595,231
5751,4137
3276,225
1365,5886
6668,9091
6026,7175
2809,723
2880,3815
4666,407
2498,5963
7256,9958
9065,4848
2826,2594
6878,6512
7151,4796
4249,9601
5456,6483
2787,6359
1865,8628
6849,1889
4952,2696
2129,2280
9928,8335
1644,3351
9231,1949
3254,4505
2491,2814
8533,3372
3750,4602
9175,1912
5338,5868
2513,7002
4445,5075
1014,5459
2974,4878
574,9994
8564,4578
6301,7210
1280,8275
6364,470
6333,9632
9433,8956
6031,1275
1092,120
5808,845
6846,3704
9474,7027
3867,7569
2494,8963
9076,8973
1278,5329
8617,1100
3508,4943
7030,144
6951,1866
5998,1920
6198,5514
3269,2904
6085,2062
8563,9264
789,4384
1736,7705
4392,1192
7749,2648
1978,5122
9063,9147
3031,9729
6562,5226
200,8779
4928,1518
4129,2094
5857,2090
6003,4163
9664,4905
1214,8201
6763,2834
6485,581
1440,4932
9400,8322
9872,4749
9878,2656
1429,4960
5769,3736
2280,8056
5175,8629
420,6683
1288,4090
4904,66
3105,4977
3296,5012
3129,1221
5364,2101
8887,3762
1888,2232
1299,9306
3870,4411
9640,7007
666,815
5176,1484
725,5044
8290,4234
3277,8862
6664,536
4907,621
8951,5777
451,4388
1194,1565
5622,6034
6812,7847
6727,2198
5347,124
9299,3843
7970,7855
7043,8540
2365,1716
6275,967
5546,2010
1742,7765
2963,4142
919,4754
9725,5457
244,8223
513,5019
2694,1016
8417,3977
9554,2666
7009,5751
3409,1216
8772,718
7941,8319
9101,104
8519,2906
9085,58
6280,464
5381,3017
5288,4159
810,7650
9424,365
3654,2365
8266,7547
9387,5506
69,3893
5535,5723
9047,2407
6016,9979
2308,5843
5628,6637
3827,1386
6683,6307
8920,1653
2254,2323
5974,4051
1448,2927
6295,69
9785,6511
7047,7651
4970,7452
2697,751
4738,1752
5661,3699
1358,6521
189,7774
3568,8837
1733,2013
3884,2844
7179,8729
8304,5585
6598,2873
2820,2333
9103,7534
6430,2949
820,6706
5061,9514
4414,4471
5585,1478
1145,2977
1731,5879
7308,9905
6074,636
4278,145
2858,5063
8005,83
9925,8684
3815,1189
136,2864
8808,7952
6603,3861
728,8028
5612,3510
4991,9332
6376,2865
1253,9273
2190,2508
3145,2987
593,5675
1059,5673
1896,6011
5173,2112
3712,4707
5807,4058
6867,3220
9246,4606
633,9102
6509,4023
4030,5763
4612,6926
5756,8556
6317,8416
1251,7285
5320,2043
5914,6272
6642,2169
6465,5861
2040,2246
2440,2142
9958,9235
9216,2245
1372,5789
8262,2335
4442,1259
5395,7983
7041,5598
8011,4745
2311,5314
7039,9460
8268,1270
8196,2261
7135,6742
7306,9289
8786,5703
335,9881
2462,9307
5225,7422
1549,3391
1316,5179
6217,1235
8823,4434
1292,7896
4527,8607
787,3669
1737,8649
5903,5318
9714,8204
9015,1244
2279,5804
9329,6726
7128,5252
387,4470
9536,8929
3154,9394
1581,127
9438,700
8839,473
8064,2071
6065,1223
5170,5774
5180,5076
205,4805
6086,8158
4212,6038
4690,5923
1219,2307
7506,1647
6622,1463
6375,4373
7722,463
8409,2849
8393,2420
9204,2816
6057,7435
7826,7362
9102,2704
7960,168
1950,8771
8375,6442
2383,1005
7400,7226
1303,1260
9601,3986
6484,1706
5274,9350
8008,1400
7853,1988
2727,6377
8327,9069
2881,2486
2987,5375
8716,8986
2783,7464
1800,8405
1758,240
2733,7530
2102,6390
1811,5871
9399,791
4397,8187
8629,851
419,6025
5325,9144
6999,4431
5238,9290
8753,8273
115,9835
5972,422
4800,3393
1371,5731
4706,1330
8804,8937
8961,8510
1611,761
5726,3968
3529,5184
9919,6646
698,6351
6051,7001
5129,9726
4865,8118
8307,1011
1016,3645
8173,3973
1077,4718
5675,9454
241,2683
3619,303
6337,5550
4602,5501
9270,5169
8110,3952
8430,9818
8922,6319
1334,898
6604,4217
9276,8755
8526,5413
6118,8599
9777,873
9543,875
1598,9769
3644,5244
5750,5216
1478,4333
8840,8165
7553,6936
3444,6892
4669,4646
4328,6262
1734,6680
4447,7047
6496,3034
2518,4838
459,7106
1254,8951
486,9706
6362,6188
3880,7965
6711,4670
6389,5997
9804,3984
1415,9359
2599,5060
2770,394
7412,7927
6299,748
5358,5215
5791,5925
1225,2921
1997,9262
9550,2762
4896,8346
2078,2324
7873,8222
2125,7393
2752,2427
1104,8906
1848,1877
9702,3901
77,3105
5522,1849
6962,5124
2691,1544
5252,8662
392,1492
7613,7215
92,2932
3975,1318
6497,1496
755,8089
9211,5503
7181,8508
4799,1209
9408,1751
318,3926
5850,8667
8968,9740
1008,9045
9,5192
5777,3606
4386,4132
3063,5955
6707,260
4192,7947
2132,5357
2548,5143
6044,4250
2005,6482
4086,4607
9059,443
6946,187
1668,261
9061,2049
3732,5762
2578,1884
793,2020
6646,490
4116,6741
8842,5082
6695,6890
2272,3305
5873,5753
3037,8033
6787,8960
8482,1724
1779,3071
1834,9587
363,6356
8807,1110
6432,6533
3666,3642
9651,2184
2180,4277
1123,4116
1011,5112
8286,1227
3737,7504
9623,97
9124,7295
4528,9445
3495,8483
50,1501
7087,8657
9539,6527
7924,1844
1425,8547
7557,9542
1837,5370
3896,9268
957,8494
9767,3922
1279,2708
7217,3352
96,9699
7880,3438
9827,9251
9338,6567
4066,5676
2128,2833
249,7506
7765,2251
1159,897
2071,5312
9095,1028
4464,4445
8022,618
4344,2402
5309,7271
6974,1873
5948,2136
2882,960
4670,4350
2540,1839
4166,2707
5406,6676
1597,7518
1423,4695
2929,2632
7916,1559
2313,1103
833,475
553,8665
9671,4242
2633,9494
731,9270
6079,7975
4758,3728
5806,2915
5379,4846
5803,7517
8473,2041
2114,3460
6019,750
5610,8921
7057,5683
8287,4381
4554,8353
7963,9750
3967,1908
8470,9640
3976,868
6676,3776
869,6865
8873,7160
705,8541
8381,6810
622,8913
4273,765
9353,1795
2979,5878
4080,5242
8613,8802
8626,2566
3284,8616
7644,8512
6596,4859
1282,2018
8833,3181
5028,6698
936,8066
5625,3024
5090,9386
9736,115
7048,8531
580,8015
7830,9650
865,1246
5359,7610
2304,8138
5859,9548
8495,2298
7731,8945
7967,757
1018,1144
6531,5274
9079,670
8284,9456
9724,7339
1890,1448
7813,5352
4390,5222
9564,8307
4221,8993
8894,2794
2213,6522
2509,7669
5923,6603
6040,8834
1499,6745
6789,4372
4027,2278
4110,278
9025,462
3841,9035
9202,3092
365,2057
2935,3978
7079,4247
8433,4274
1019,2901
7286,9559
5313,9331
8154,2528
5241,3809
416,8826
7665,6210
3840,2233
8407,3782
1951,5024
1508,3235
2370,1939
5168,5665
9807,9080
2678,5316
3566,4456
6114,3087
7857,3451
3494,6464
2695,1904
6963,9837
3900,3120
5623,9066
5491,337
5747,7501
9027,6152
490,8396
8661,5865
3243,9142
2981,1561
2130,9771
8385,9284
6262,8574
2703,6475
2260,5567
7053,9414
9336,503
1114,1417
1488,5740
8523,5856
5958,2634
2241,8924
8492,608
1529,8525
2039,8359
7273,5702
8353,8131
2941,227
9280,9358
2089,8711
5858,1521
8993,5092
2381,6631
7404,976
4090,6661
3270,5700
3922,7657
7524,2953
3591,1820
8427,7455
4691,8818
5681,7361
6296,531
8001,1035
1980,368
5277,6314
5045,8440
9040,872
857,2746
3564,6485
7456,4563
5887,5161
322,9452
1943,3285
8486,9300
9609,5290
8297,1119
7448,829
9885,9565
8666,3876
2704,3
333,4562
5330,4736
8705,3413
2025,9003
3010,5903
7881,3299
5283,3870
6629,8341
8015,6279
1510,8932
617,1279
6987,7837
6240,5846
4910,6278
4444,7254
8155,1066
4031,7357
7802,9964
6020,1522
4950,8879
3708,7754
5306,3126
273,6802
2754,351
4765,7046
3424,6868
8856,3616
278,1767
4496,5867
5401,2959
9147,8579
9378,6141
9552,5869
3919,9990
2793,7889
1707,9245
9420,9971
6779,5549
8618,8859
1559,9057
7882,3021
6957,5283
1384,9012
7552,9111
3229,517
6891,7159
6129,9464
2656,5065
9920,7474
9001,6932
9496,3655
5424,496
9127,6378
9718,587
9332,992
1116,6463
1664,7051
3484,5857
4261,6192
9074,9799
7296,6792
9417,3407
4619,4300
9526,5803
716,6202
9294,5586
8874,132
8162,7084
396,8200
9173,9869
8724,3228
7072,1705
7246,1668
3878,8610
8604,706
9990,4773
6183,5093
9055,4015
3936,2040
287,1644
9524,9407
4598,1335
4659,935
4956,7630
2262,5821
4924,738
5169,4948
6046,6065
1175,7924
2442,7324
117,1890
3435,8790
9862,5800
7746,619
2454,6711
3097,9670
6907,3497
6116,7615
2648,6293
88,997
2924,774
9184,4358
5033,8474
5485,5180
6933,5324
111,5462
2248,7424
2545,4308
2755,8348
4488,6073
1596,1150
8731,9853
5111,6774
6308,5629
6930,1883
3455,1091
7650,9790
6593,6835
2057,4039
3748,7241
6988,6084
7866,9344
4096,6946
6916,7170
1984,3636
5708,2957
3838,8584
8981,1063
6819,4227
1647,4324
8625,9393
6657,2399
1717,9596
2942,2363
2766,9472
8084,3511
4841,2313
4997,953
9032,5131
4060,4200
1211,6746
6157,3914
8571,9387
159,2291
3655,3036
4437,8013
1762,8300
9132,3442
2746,3710
5852,713
3733,1271
3209,910
8893,5068
1067,4762
1624,8852
5293,824
7683,5812
6794,5264
2150,7258
2100,6754
6283,5417
171,9028
8614,7145
9602,9789
8520,4429
7499,7985
1708,8467
4571,162
3701,2224
5990,6457
3581,7885
7969,4873
9903,5474
5073,9783
7411,9340
8723,2310
9983,2289
3299,7487
5145,9803
8159,6797
6756,2806
2795,719
7540,9192
8135,7335
7105,2260
824,6651
1669,5157
8271,2088
3707,3640
9277,1895
5034,4971
7706,2133
6416,6515
1871,6474
8053,1508
3824,3972
8648,9426
2983,6600
6064,6468
8281,2969
8206,9296
9479,6854
6608,6159
4182,6348
1725,6821
2455,9283
1393,6086
4106,1187
7342,2225
8799,4171
960,6083
2013,8068
9160,5527
356,2507
4656,6657
1639,5708
3927,9173
3801,814
6970,8609
8590,1198
4987,4368
4988,8125
8097,3917
4642,5074
7888,5544
6768,6667
3064,1790
1780,3950
1904,1117
5328,2692
6886,4198
5441,8069
5942,9367
1910,4658
8815,5332
1716,9912
8255,9499
6725,8191
6084,5265
4546,9894
2702,9608
3267,7449
7384,7039
5951,2215
4840,9666
1180,4468
1135,3552
7986,2793
4179,233
5486,5572
7902,665
9945,6411
48,4747
6783,3994
1160,6712
8328,5138
9297,1569
128,4001
8769,646
8639,6376
1156,6872
7738,8754
1216,958
9655,6991
6550,8644
1752,4275
2875,5933
7952,3881
3004,2273
3974,925
9161,7379
5477,4515
6418,1178
90,164
8745,5475
8584,2988
1747,3718
6243,211
7408,9419
2872,9594
3674,1241
9225,6883
1082,3610
8141,5301
8860,3683
8612,5819
6294,8764
6345,3612
6444,970
9036,933
4134,9416
4472,9688
8504,2669
7919,6885
9837,2631
6258,9351
4954,5386
5727,2263
7983,1224
844,5176
1500,53
8758,3386
1496,1058
7581,7881
2567,3003
6536,7377
8693,7601
8174,6000
1619,9714
5212,5679
6885,9439
7898,352
6222,5495
7318,3006
4898,2320
752,4254
7418,4291
9938,246
3320,4863
6489,8643
2386,3595
4190,4096
8709,6423
498,6363
1305,3085
7049,3124
772,6576
375,9457
4288,4559
2397,9511
2561,6601
1600,1835
4351,7596
3553,4129
768,7352
8884,5619
5822,4271
9249,6223
527,6720
4181,2316
1053,2561
421,3144
2452,4690
6741,9981
7928,6769
7623,9123
6890,6928
4291,4206
5605,2128
4769,6275
9802,4856
7143,5587
5591,7290
8757,9847
3690,8274
5075,6629
9980,8253
9853,2554
1681,7563
4321,2581
5680,3121
7978,2028
8846,3658
1293,8083
2146,6473
2203,8568
2045,3637
3889,8621
5132,2123
1205,4568
444,9168
9365,8690
603,9249
5742,7121
8607,959
4226,4518
9347,3125
7292,2372
4137,5485
4095,7036
3681,5185
1728,585
9750,8394
4040,7832
714,7035
6937,6163
3231,7568
746,171
1992,8919
2252,6864
2868,8903
3509,4493
9567,7363
1064,3928
4555,1502
7525,7670
11,9420
5592,5641
1649,8181
6033,9836
1153,9567
1772,3528
9188,7806
8069,3857
3428,6380
4604,3614
9104,2388
9803,6879
5828,2662
6165,5610
3228,7043
2657,6951
7883,5796
7697,2689
6356,8197
6628,9406
161,4553
3538,7414
9443,8003
1679,5681
9646,5380
1771,9071
7180,1726
8088,860
7959,3548
2949,9577
7768,5369
5767,5601
8678,6162
4600,2955
594,2408
5787,5276
1291,1309
1632,1069
1609,8010
1022,8342
6601,370
3883,874
7599,9987
6101,9349
1851,1607
33,3084
2516,2466
5968,7019
5466,4742
5461,2516
6374,5295
4308,2540
7663,5648
4069,3742
4152,7945
994,5930
5399,1420
9042,6530
6679,2633
2221,4989
9367,2519
41,2209
2405,1303
2097,2556
9766,4752
3959,7712
4889,2055
8217,7999
2012,2766
7734,1958
9684,2368
1446,5825
9480,4684
8506,3139
7025,371
2600,5988
4398,4302
5841,8265
8354,2219
563,4667
2156,5924
2782,3208
2970,690
6931,5341
5303,3649
6894,9015
9206,7767
45,9058
4732,9433
8447,1203
3895,1253
4283,4524
4044,2389
4945,8042
2054,8409
7555,3251
1905,8583
8553,3717
3421,184
9407,293
8126,4364
6396,5224
8042,1892
292,8707
7754,4915
58,9476
6369,717
458,2124
465,4278
8728,4160
9739,4712
8814,8658
1641,4685
6706,34
5996,6812
8319,8858
9621,36
4150,9875
1764,8781
7110,8534
5757,7488
339,7634
7129,9705
7841,1773
3122,1697
6460,5959
7489,7340
7558,1514
7756,2119
5738,4107
2117,3949
1631,567
7950,4924
7622,5628
7332,1641
9346,2711
5659,5732
6656,3841
4736,5543
3504,6907
9459,1027
1994,5162
4787,8148
1070,4453
9274,4627
4052,7200
9382,2396
3492,7768
7999,9280
7864,3766
1330,1074
1326,3197
4675,2416
6905,4025
9278,3814
509,5338
6875,9120
3929,6200
726,1437
2641,8235
8672,9417
9272,5478
8534,3040
9506,5647
7191,6344
2503,2613
1266,2390
5356,9711
4694,515
8003,3628
3396,7072
2261,4731
5310,1639
7514,6611
7515,461
7943,8031
1727,9473
8789,7529
5766,8171
5682,4419
391,1320
364,8680
2318,6957
3464,982
8280,603
5795,3307
4010,259
2480,6357
2409,5400
4753,2700
4715,5592
5189,6372
3763,9982
5119,3754
3762,6532
5904,6426
7044,1869
9383,4157
4804,3254
9932,9798
7103,613
307,2244
5337,7270
8983,1914
6109,2749
172,4533
4232,4089
8377,1056
20,8598
248,5285
306,9609
5848,7785
3251,7205
7055,7024
7459,9044
3740,446
7282,7598
9290,5313
8647,2172
5746,455
3411,2582
316,3122
2342,538
3636,8631
9037,5440
163,6837
616,9190
2605,4062
7297,1702
3859,2646
562,6109
5091,9838
4807,8229
6897,2754
5692,7204
2240,3261
3111,754
3208,467
7207,8526
4842,666
7737,9318
3847,9720
310,6525
8560,5826
8801,298
1832,22
8900,7853
6480,8023
4561,6679
9940,7133
8131,5300
122,9039
1074,380
6731,9948
7115,7822
8449,8536
3306,7649
8855,8503
9169,3759
3322,8053
1768,7260
404,3461
4572,2412
9404,405
4356,9997
7270,2679
8351,5188
8544,279
2473,7950
3912,3599
3343,7584
3475,3560
6213,7189
872,8238
7488,9067
3523,891
2214,5760
4111,2717
6673,5848
4286,4362
6048,2300
7211,4618
9174,4638
6895,9768
7040,1467
5140,3196
1136,5476
5782,4854
9073,197
1998,7587
2463,3127
707,7707
7406,8946
2781,63
3008,2799
7361,4408
2448,9238
7364,9017
5578,9324
203,1346
3197,7660
3618,4640
1895,2229
2227,1750
2435,3929
2780,8390
2481,4448
6791,1800
7012,8115
4973,2871
7229,1685
7534,5354
7926,5446
5749,9747
4903,2902
3015,5701
814,8455
2194,1401
7238,6133
9821,3255
1058,7109
6155,7816
4575,6300
2472,4258
2096,4061
4433,289
3785,5170
898,7263
3629,7101
8497,3448
3799,8861
7132,6904
8719,2739
3951,3011
4131,1860
9746,3150
1964,8723
2157,7074
863,4770
6279,2176
4306,3389
4828,9
8841,4552
9171,9405
4063,3722
1982,5823
344,516
6684,5266
5284,3633
390,8120
4510,148
4374,2847
394,8460
1968,201
6806,2690
7014,2397
4176,3942
6323,7095
8420,7348
6717,7075
4693,6354
3579,7694
7393,2099
4361,8972
1514,6488
2805,2524
6702,4417
5127,5992
9719,5418
7686,9330
23,1398
7590,4469
5063,9376
4909,3837
9975,3587
6953,2255
8623,5292
5357,2653
9324,1108
5883,6911
174,1043
864,9295
620,6418
2851,7623
4135,8381
8143,7535
5893,1597
9060,1894
6094,2894
5207,7744
8713,2105
8176,4398
592,8744
2603,5915
7319,4018
7227,9685
1399,7766
8272,2910
3430,1325
8431,415
9546,4404
214,518
8198,612
4239,8368
8498,2712
686,9361
804,7882
4697,6087
1108,8697
3221,7562
9464,5140
7674,9928
7293,2163
9644,3862
3622,3314
4644,5694
2090,1197
8736,6454
9341,5556
7215,7102
2696,2023
3308,9698
8909,6115
9630,9185
2834,2890
3552,9595
7521,5193
1233,7910
1166,8907
2977,9435
1576,6591
9629,854
6335,9062
1107,2771
8588,6352
7194,4296
1957,173
1666,7969
7458,5241
7633,9337
7703,4262
8298,8691
9860,5814
9875,1211
5278,633
5983,7429
7298,7580
4115,8026
5047,6176
1397,2774
3787,2628
2006,3330
491,3337
2536,391
871,9635
4132,7624
9778,8279
1379,5333
7148,856
1544,2713
5016,5467
1599,1336
437,7716
7570,2428
7345,787
403,277
843,3104
2490,6805
8151,7009
2925,6292
323,6416
5609,1327
7398,8276
3340,553
9340,1266
6455,4611
3781,2606
9119,6832
9281,4645
1075,1505
3260,3481
2559,6211
8432,2685
1836,880
5156,9327
7694,8312
753,1243
3871,61
2717,4687
4627,1132
9986,9226
989,9228
4378,7067
896,3191
6395,4587
9362,2120
5002,3547
66,5014
3988,3738
6626,8179
2287,2635
5853,4196
9098,7701
4068,4851
6061,311
2009,6917
6138,149
4363,3996
4294,2044
4750,8081
9654,9613
2328,2934
7099,6412
1094,6624
3898,5977
1891,3544
6757,2329
9828,2017
4992,6504
1504,91
8740,9715
1987,9001
6549,5902
2894,8457
6361,1686
6751,4041
3368,5326
6347,2413
6982,8758
9083,5645
3497,989
274,7597
9834,7507
8806,2709
8820,6290
6597,4320
4629,2165
385,3288
5431,800
2339,1115
4538,8001
8125,4907
135,3230
7927,6186
2199,5059
7445,3936
3000,2158
5449,2497
2398,8560
2994,6103
19,4946
9200,9915
1096,3044
5732,9940
736,7931
9111,6967
1903,4328
4671,5052
2336,5715
955,1194
3419,3872
8295,8537
7059,1707
9855,3590
1126,1924
3164,7862
5504,928
3865,9391
700,7756
5650,9976
2893,7732
253,8961
9542,4781
3766,9137
579,1614
3336,6187
6151,1361
8681,1096
9660,130
7388,4390
8883,6267
6355,5901
9215,7781
8881,8892
4492,6242
2507,9186
5123,8205
6300,412
6083,4869
9134,4517
5006,8231
188,5752
7799,3541
7855,7013
4481,8614
807,8493
5167,5114
1046,3349
8332,7486
2628,1237
5927,1721
1167,47
7753,8630
2142,4264
6073,2781
7101,6915
5261,8212
7119,3530
3176,6052
5083,2759
7478,7571
7402,8511
4236,3012
6827,4901
5543,9525
1412,1137
3058,6321
879,6622
4777,5996
1763,1918
3232,645
6519,5027
1095,4974
1427,9321
8210,6157
7760,5622
9561,8446
7019,481
6088,28
1928,6998
2107,3933
4314,2304
634,8894
3281,606
6948,3684
4972,5937
3772,7764
9385,808
2862,4723
4640,7259
5473,1086
358,9275
8959,1407
7063,4616
3620,9712
947,8927
7602,7809
5251,8864
1821,3653
5739,6817
5429,9862
9604,2395
6922,2798
1939,7886
4146,554
1049,6548
6237,1870
9220,2912
4367,6779
6340,9179
4214,1931
0,6829
482,5637
2553,1762
3244,3698
7333,1906
9843,44
5809,7161
389,8976
3558,7797
4816,3346
7423,9966
3573,1680
8204,1645
1778,1533
414,5088
2073,8296
6955,7608
441,9917
1451,9731
2188,7405
3906,7164
8917,788
290,6209
9792,6156
9388,6948
7981,3747
3051,5291
8331,1815
8093,1568
137,8810
4899,6312
6398,9857
3080,1838
3567,9787
9518,4890
1966,2791
9405,8844
321,8387
9050,4704
4676,8186
903,1673
856,5050
5199,4748
411,8501
9769,2992
5003,7071
3664,9201
1893,4984
8365,4126
2458,7373
431,5576
1845,5365
8756,705
9159,5191
6995,4591
7679,1734
5833,4272
783,5721
3425,4935
7339,2878
1061,4529
3333,4392
2496,3417
9849,5502
3350,2629
7764,7183
5018,3182
83,1031
6122,6849
8425,4571
6873,6257
6743,7448
3728,9380
3607,686
2900,4582
1256,3440
373,6484
791,8047
3304,1507
1089,3785
8622,9969
6615,892
3532,7720
8243,9677
8809,2030
6932,7387
6463,6208
1273,7936
9509,915
1878,9363
2982,2672
2909,1099
4652,9143
5490,1499
8338,6897
991,6241
2271,4279
7907,6497
6145,6814
2613,2178
3332,5469
1550,1167
4498,6116
6792,4056
2407,1957
3704,3412
9179,9704
901,2066
3397,4365
4202,9989
4180,5504
2744,1983
6571,2761
1081,6237
6637,7427
2531,9172
3803,2148
8559,6598
3155,1851
4701,2276
6442,8380
4966,2294
6127,8870
1857,3194
252,9908
52,8298
4297,3632
6739,4577
1484,4341
4167,6049
2706,8058
5547,5967
7167,9899
6919,6786
9727,3540
2662,8572
9490,4287
6643,7839
7111,1044
6419,143
8040,1701
8744,2962
5391,8916
3253,6405
9790,9496
8586,8639
3169,110
6765,973
38,9921
4159,5838
9576,7030
3103,1970
3027,4312
5619,8784
1431,3265
1571,1712
2036,9242
5548,6581
3805,5123
806,6710
1586,2968
4265,275
3776,9054
5638,218
9891,5577
7008,792
8360,2299
9306,1215
5071,9480
5262,2617
4557,5322
2807,2220
9587,7094
7188,7560
9679,3062
7972,4527
3087,3810
166,513
9530,2384
7376,2111
5165,8219
7544,8211
8579,2868
1512,3961
2433,7155
2145,6718
614,827
4289,7184
4073,899
1006,4942
5386,589
4686,803
1833,3159
2441,6743
2169,356
455,5018
4821,6127
467,4357
932,8983
1185,3780
1663,8130
5865,2450
354,5754
9880,4459
1505,2665
2229,3032
4626,1678
3642,8611
8570,9938
9597,6690
4473,2881
4881,2207
5982,2940
4379,8664
2113,9023
6918,3575
9245,5136
6551,8051
4786,7792
7601,5445
2022,5132
3226,7368
8578,5212
6710,6941
7314,6005
8948,6989
2141,1525
7291,7934
5344,6673
7504,224
5922,4599
5811,1419
8794,431
3513,7408
3977,3496
3813,3110
2778,7943
1584,6619
7954,975
9710,1903
5664,1972
3285,8952
5112,7817
9168,2283
6273,4776
5295,8920
1193,358
3962,5047
5335,3433
1673,3732
3972,4689
3151,2272
1315,9371
5321,8122
9316,4705
5452,3436
5094,510
935,3664
9815,4048
8222,9366
3793,8173
1309,4130
6210,5435
37,2543
7700,5775
6841,1950
1919,5558
2867,7317
5573,1513
1187,5403
7004,591
7804,2571
6459,4877
983,4539
5954,8689
3354,8451
9143,1022
3611,4088
5122,8725
2857,3023
3349,9103
5014,56
2436,4726
5753,2782
2243,200
4007,177
5526,6129
4255,2426
4012,6024
5072,7419
5642,7494
5103,661
2713,4330
8474,5928
4790,1038
2515,9304
8908,3253
7773,7064
8729,1000
1700,3138
6436,7696
997,5347
138,9455
5114,6091
849,7322
5409,1416
5472,39
9393,6057
8878,8084
9208,5870
9582,2381
7283,1915
8702,1368
5210,894
8264,2583
6898,4677
8953,3601
8797,8055
5106,6336
4826,6934
8516,7692
1078,6032
3338,9820
832,3503
5054,1947
7146,2186
6128,2560
4349,5135
2846,3600
8521,6234
1002,1971
7831,8411
7625,9237
637,5099
1349,2908
9491,887
505,1511
6368,3865
7708,6406
2294,5766
72,2296
2690,4349
7300,9492
397,2331
7160,2645
894,7249
1570,5680
5060,5498
6342,9438
2879,7726
5247,3537
3468,7118
4548,3095
3050,1342
9118,9861
5155,2650
4280,9536
6709,8022
3725,2788
3288,8063
1477,9988
7375,6727
2705,8529
6250,8227
7310,3279
7657,4595
9429,3546
8299,5107
4523,4513
4187,9481
6689,1308
5964,7632
1234,2784
7993,8048
815,9546
6782,5062
4312,6630
2106,7319
8252,6391
5289,6627
6042,9696
7093,7199
8589,3898
5097,9943
2819,627
2663,1283
1272,1098
345,9370
6835,3812
9232,1975
6354,6365
9814,3185
8737,2892
9335,9797
2664,3160
4848,437
5227,9619
5606,6256
2064,8981
4238,8375
1853,4801
2127,494
3971,5423
6318,1300
4366,4711
1907,5069
3794,5149
5588,9744
8550,9955
3265,8233
8783,8067
357,3983
1869,1618
3931,4702
2371,4778
5268,741
7303,5922
1032,9194
1812,5470
9730,5570
847,6686
3923,4790
49,9813
3407,3343
5645,1872
5505,5713
2786,1871
9271,1441
6123,6247
4404,7034
2533,1967
9166,4633
1068,8149
5834,7261
2326,5940
8798,6018
5907,4554
2698,1700
522,3997
5307,6131
2449,3725
9711,6466
7439,5237
9786,3273
6654,1791
5254,7265
9242,8373
5849,5693
1382,2595
9825,6340
2843,5995
9481,11
62,1434
4223,1763
7543,5590
7209,7188
29,2831
6553,5103
2111,7456
438,790
568,8444
3901,3682
3516,5911
1479,3223
2833,5098
1494,4351
8925,1622
3768,7010
5419,2459
8476,5900
3904,3626
3873,9510
9555,1495
6000,8827
7666,7171
7705,6493
8440,9727
9413,1181
4811,3982
5404,6481
6139,5904
3817,5070
6,3066
8438,5217
5405,4454
8446,1531
5022,7939
2085,5121
711,6396
1373,693
6140,5890
8342,1875
284,3692
3531,7037
8985,7103
8456,8677
4101,2490
5367,8029
8411,5042
2404,2435
9569,4104
6939,221
818,4654
6631,9758
3183,8461
8113,521
2761,1041
8750,3362
6420,9396
1413,3512
4776,382
1312,8675
8186,8398
7529,2338
3601,292
5027,4647
7136,9942
8543,4866
2554,6446
2275,9895
4947,8904
9151,4191
6542,5376
6935,6816
1589,4815
9370,2478
7417,6824
1367,158
4324,8327
3935,6537
2572,20
3287,8385
9291,707
4636,7662
9861,8944
3948,6982
5545,1210
4183,8038
9269,5912
7776,3902
3727,7158
7648,9195
548,1798
7654,9755
3086,2966
4633,4
4449,4034
7890,3359
2877,8183
180,2743
1698,6148
4300,8407
3862,147
8466,6551
8442,7011
4357,5816
8775,5908
6813,881
9805,8686
3663,5454
2510,8277
3822,9246
8395,1443
8306,7441
6607,3545
2360,2674
7595,7409
5221,5130
9198,4887
2202,5436
3913,9795
9144,1323
3292,395
2965,3859
4617,2160
8322,6503
5305,9285
9717,1033
6200,733
1295,9149
8116,5002
5607,3157
7321,969
4451,6094
2418,3188
4867,6767
1189,4871
4257,40
8355,9104
3045,387
9447,8162
2638,4397
5166,8209
2644,7842
7914,3578
2068,5003
3924,8622
2083,5978
2637,1070
6312,5279
5899,3772
8901,1274
1033,6798
8077,949
317,2421
9018,7038
3386,5508
3721,6253
5779,4760
417,8943
3069,6540
3937,656
7980,7237
8824,9215
3364,3580
9610,7637
4700,7702
6764,2230
2438,1619
1323,8116
558,9944
7559,9322
3092,950
3812,7269
9136,6456
7879,4040
5294,2960
801,7673
8541,14
6021,9620
949,3290
2333,9605
4664,5684
3053,2496
255,8246
8468,1550
4479,3882
7739,3155
3259,2863
6574,6878
3500,2884
8195,9401
7770,3941
6469,634
8145,1422
9515,7895
1720,9868
4013,1301
987,8650
463,6076
1170,7992
9779,2513
32,3760
4984,160
7435,9876
584,6929
6760,687
9859,9383
719,9286
9743,7867
8100,6755
1947,3474
232,7902
8382,2626
8885,3484
9930,1174
9145,7282
902,7023
2995,1968
9965,93
2335,508
654,3745
3041,4561
1458,4936
1958,4874
2393,8931
6941,1278
8086,2021
5845,7179
4869,801
8387,8432
1197,6280
8074,807
331,2826
3272,4735
9687,8619
3844,3938
2640,1922
5458,1347
8944,6075
3820,3137
7878,6663
2530,3153
958,3621
105,6338
5901,7257
9230,6036
9993,4525
1642,7129
8906,4837
4818,3395
4930,3203
6797,4831
2873,8688
5519,8989
1271,8849
312,816
1258,2651
6230,2928
7586,948
5634,6286
9007,4340
8927,866
9517,6790
7112,8087
4039,458
1454,75
7966,6909
225,7297
8752,9478
2659,9029
4968,5388
9139,1596
4119,8959
3200,5335
4902,9590
9793,3076
1481,2239
1877,877
2903,1002
2079,8417
1433,3282
6565,1788
2685,9086
4231,7233
812,4767
6924,3770
7589,7663
2988,2208
7931,3225
8538,4852
6348,123
3337,9889
1241,3853
8341,734
9002,4269
5475,4314
8170,8468
4607,1093
8585,6445
55,4903
1257,8195
3047,2565
7572,5562
4517,7140
3857,5741
3420,5998
1297,2723
1313,7844
3257,630
4504,9052
442,2014
8690,6285
9457,3151
1860,6516
4635,3932
8777,622
6920,7347
3605,2080
7186,2869
4343,4497
181,8389
2192,1414
8890,623
7070,9864
1703,2267
2255,677
5718,5830
2094,5129
5093,3215
1227,8126
5912,6130
5931,6155
5163,5270
3958,5028
7248,1683
4949,5536
6311,8378
5196,2113
4577,2301
2063,3056
4718,7675
729,580
8958,8308
9416,3284
7723,3055
9952,136
3993,3310
3565,2194
8496,6867
626,6401
8181,5410
6914,7143
1959,9357
6947,639
9873,3834
3890,4236
3205,3581
796,6694
8231,6565
5702,6987
606,8772
3665,7292
5476,4930
5754,6495
5837,2659
9734,4996
8608,3958
5699,4184
5185,5125
3845,1424
3158,9984
659,7218
1331,1030
6959,8218
28,8915
3057,4768
4001,1258
267,3558
848,9516
1304,5490
8780,8745
733,7327
7670,8184
5193,2059
9099,1380
3462,7898
1442,7811
2232,3381
3761,2654
1892,3169
2380,6662
9854,4389
478,8997
5695,7682
1456,8506
8194,552
5629,4133
550,3887
5436,9212
462,3743
5412,8727
212,25
4218,955
5518,6249
2396,5704
9322,3508
4695,335
9029,5557
3984,640
4654,7801
5211,8645
8591,1777
5582,7220
8701,9667
6349,6700
7294,4360
2946,2379
4141,3585
2621,5950
6730,6682
8080,3248
1302,4931
6382,2542
3702,936
8169,107
6260,7137
1389,9520
3968,5667
7511,8059
4771,4441
6858,5712
7241,3840
5639,6971
761,6194
9532,4600
3800,364
5580,1158
5439,4530
2908,4332
5617,6149
3940,6921
2622,1574
7476,5987
6447,1754
6911,472
125,8301
8336,8266
4037,2896
3117,122
1578,725
1793,4293
8111,6199
1573,5944
4824,3211
9421,9174
6227,7341
2747,3463
8172,7398
5138,5460
2010,599
1163,8454
774,3988
8950,4806
6677,9339
5550,3985
4061,2620
7546,3667
5714,3517
5842,5408
6022,3355
6334,4224
995,7206
4846,6151
6131,7579
8966,9121
598,1268
4741,114
7796,836
8734,8975
7444,8441
7090,2905
2197,1426
7653,3947
6174,2897
2829,9231
4813,5321
6297,5145
4915,1136
792,369
5198,9930
6985,2470
2776,2214
6090,2317
7035,7540
4194,4495
6175,1885
850,3239
8721,6183
3213,6908
6252,3458
851,6030
1121,1654
692,8965
6313,9809
4092,5346
1275,7345
4622,5916
6004,4479
7285,8174
4939,2302
6613,6190
6892,1775
9360,8804
992,3631
9153,2195
4603,3308
368,6080
5561,6245
8118,6154
5048,9448
8637,8453
1473,9446
4810,9623
6865,6070
8942,5258
9415,4624
4946,9263
9806,232
3405,3777
4877,805
1320,7400
1558,8490
1343,2202
2137,492
9838,1846
6641,3109
71,776
9030,6173
5324,7364
9571,6722
9999,5409
6771,8152
5635,1048
2606,3350
5361,2684
3307,6678
2961,7314
9591,7820
7247,3193
6199,8108
5146,1887
4263,8316
2468,2573
2315,4908
133,6465
5725,5204
8037,6950
7124,7620
2775,8768
1781,7813
9656,3184
7730,7238
6778,784
1783,4421
4605,5239
8378,7666
3911,8073
3856,798
5575,1071
9440,6124
9333,3242
7089,4489
6499,2836
8995,99
4399,8591
6952,8418
3729,8006
1492,9021
1355,7808
9250,8998
2032,9093
8726,7690
3956,1298
1991,8097
7508,6574
182,3326
6921,7100
3560,8257
4861,9707
802,6322
9796,4150
8975,3888
5474,2149
7904,222
8310,8970
2176,8668
5987,4593
261,45
8912,7451
7429,7877
4208,8344
6647,6410
3823,4954
6095,299
2195,9756
3289,4098
2093,1319
1828,1462
6508,4237
5384,1474
9045,9011
2954,3576
3928,2
7784,8786
223,9013
2175,6088
1190,8452
1103,6896
7050,8640
6546,2658
2362,4403
7139,1824
9392,7773
3671,7951
8133,308
7494,7478
9917,7600
4051,3912
657,8552
3353,7136
8628,1586
5374,9916
1327,4861
2587,502
4696,4691
4364,6860
8178,4241
449,447
1566,396
4823,7020
410,8742
8179,663
8704,6062
3018,4115
7519,9112
8,4834
3863,9774
1443,9886
4317,2504
7170,17
7911,7384
6221,8459
5579,5455
6059,152
9450,7144
7987,7631
8929,7658
7389,6979
6490,607
8260,4969
9775,3168
888,1651
9979,8522
3062,9050
3738,3564
3011,4464
470,1141
5810,5427
2460,6023
4737,2758
3876,7061
8434,5231
6845,4002
1887,1935
6610,2386
1932,777
2985,7390
8866,2967
3006,6106
2411,9784
7240,8909
769,6819
7425,527
7108,2005
7253,5671
262,1715
8418,1255
6462,772
277,2069
4276,8078
4785,2599
7624,8778
8567,1623
1517,7636
6239,3270
973,6371
3483,1185
1380,5424
4372,9992
6860,638
8802,6217
1938,70
3539,9722
9310,7850
7929,5359
6522,4494
2048,4444
779,7149
610,7356
5741,7354
7255,8291
8065,7275
6277,9155
5847,167
1363,6424
2207,4325
448,978
5994,7551
971,6534
7968,7958
3192,4232
9559,4066
7027,9163
742,248
309,9297
1395,2083
9906,2201
2999,424
1612,4059
480,6104
7777,1609
1533,1902
7886,1909
1066,7231
2191,2351
3157,4573
7067,6164
1654,4652
3632,7343
3689,2916
5209,6054
9505,1512
6385,7803
7036,7913
7469,9682
2394,3954
1740,456
3311,6177
572,3533
7083,4662
5442,5247
5866,258
9589,4192
1432,6531
4329,5302
8041,4361
9581,8
543,5742
6478,6866
2794,3787
1471,1257
4045,4574
8270,3695
2936,6801
1682,4338
6915,4162
362,7519
4502,8735
5414,7605
7598,696
8727,5083
9301,5844
3278,2221
2771,7194
9430,5230
3319,6688
2249,7627
7712,2971
817,3534
5786,3240
821,9593
5459,7336
7416,1765
2144,2104
1119,4244
8348,3652
6818,5487
3745,5630
3885,402
5049,5606
5724,3172
9397,1339
483,2240
8915,2002
552,5786
3415,3399
3588,8925
9366,1207
7877,8339
8372,3566
9011,7922
9974,1226
5885,4084
9830,3232
6388,6822
7426,3344
3098,1659
73,7575
8464,1128
2522,1290
1722,5655
3833,5661
3245,9115
2153,6972
1474,5666
3656,1564
6902,9272
6632,151
541,3577
9016,1447
3695,6844
8679,8428
418,3937
4466,2436
9603,3999
1223,6778
5219,1316
661,6978
6124,5613
9886,6058
7942,5182
3678,1549
5194,2605
108,4093
3786,4199
3238,564
1532,3204
8453,9213
94,2247
347,2106
6091,1254
2266,5859
3170,469
209,697
7867,3045
5292,5524
1711,8634
7642,7371
2443,2537
8773,3434
294,476
2390,353
4583,7752
3194,2593
8501,6992
9953,8728
3112,6291
9052,907
6029,1774
5513,9658
7092,42
4133,3430
5445,574
3650,7874
9156,9782
266,2439
1052,8435
5026,7521
4313,4026
6969,172
7172,5160
1767,8730
7094,7812
4059,1804
7074,6648
6075,916
6958,5866
2812,943
4305,1173
9248,5453
3679,2488
7054,1418
280,511
2566,3871
1898,2877
7218,5080
6498,4309
6209,8895
8774,951
6648,9114
6012,4311
6068,210
4806,4724
8285,6838
6753,4363
6400,410
7744,9743
103,2681
3012,8465
2026,9549
8109,1979
1149,6804
2417,7916
5423,9584
915,5488
1692,9482
1710,2514
766,1364
8828,7625
1086,7918
7430,6255
3379,7846
263,2297
8657,2179
2692,9031
5202,7954
427,2948
5242,2336
198,2477
7409,8908
5890,8303
2629,9453
4017,5366
4752,2445
110,7458
2804,6836
5854,4941
8301,5512
7844,504
6005,4213
8616,2258
9082,5081
4454,5139
3222,5662
9545,6949
9847,9353
3926,7699
2483,6144
1967,3445
4104,2293
7645,5968
9681,8587
4929,4418
652,922
1065,5287
6203,8672
8288,4617
6936,2004
2183,8577
2267,3234
7742,6845
3578,185
9941,4316
2277,9502
4678,229
8366,1510
9483,3428
2730,2840
4521,4031
7834,7724
7192,4719
2136,6263
2152,5788
8595,520
3060,4502
4282,3525
4148,6528
6453,7653
727,5651
4566,6981
1900,4693
9900,4549
7000,3063
5566,869
1704,5718
6617,4174
3699,5839
8148,3311
4409,5327
9955,6102
7473,4432
1962,1732
3363,6145
6052,24
6578,7376
4149,5116
6541,4406
4562,4761
4983,9716
8984,5990
4486,2362
2437,890
534,3758
1360,9484
6704,1520
4522,8150
2808,9888
3583,2970
4723,8399
469,2657
5121,9581
2736,4443
2270,2060
8805,1745
6588,1454
5812,8030
4376,113
1509,979
5172,1938
1875,454
4318,963
5373,2140
3955,9328
6561,8641
3998,5604
6644,9933
1702,8792
9693,9096
5527,4663
3367,8406
9761,5033
7096,1834
688,9205
9267,5379
5815,1932
6640,4119
6833,7760
5244,755
7526,5583
2246,9223
4789,5672
680,1956
1072,471
8406,1695
4759,3100
3602,1850
3052,8733
9209,4999
1470,6325
5935,6422
9510,8636
671,3781
7031,3864
1818,3630
6809,7612
7620,1142
6377,3406
2374,9232
4836,6807
3757,2776
5,2663
8730,3179
7947,4763
1202,9244
1333,8515
2817,1814
4875,8046
7721,5554
132,3694
5897,7496
4962,4794
6950,6462
6408,2109
5919,8361
5717,6117
6555,9199
1296,1455
4271,1881
2291,5385
9495,7208
1076,3360
2019,1165
9675,1524
1486,5009
1009,1936
556,9160
2350,9882
7034,1620
7615,495
3108,4334
9070,7963
8500,8808
1850,5007
7305,7525
7805,3819
7885,4706
7593,7870
6030,5564
2523,3924
1366,9125
5947,6315
3032,7252
1993,1239
7438,6021
696,2568
4325,695
6665,7081
5544,6777
5663,1072
1200,8731
1168,5531
5709,5223
891,9214
9605,2422
4383,9675
26,8203
9673,2405
8494,1841
3406,1220
5953,5929
4225,5710
5736,3794
693,7891
2681,2736
7868,9832
6461,3629
1406,8902
1835,6136
5789,626
5915,7407
9379,5061
4525,6691
5734,7795
9024,3981
6089,9687
690,7498
3528,3174
85,459
1385,8788
8870,6388
1127,5296
9658,3514
8891,8520
1262,8410
395,9037
5109,731
4251,7607
4293,5330
3242,4675
4097,3091
5554,9822
7436,6189
9866,7861
3408,2352
8862,5006
5986,4462
3756,2956
6187,4256
5334,9923
1886,6544
3672,4973
5104,3979
3298,9963
3391,4590
3341,570
1902,1404
7066,9692
314,5605
446,1646
176,8065
4253,7216
8602,5892
5647,1190
7234,3480
7549,8713
785,1753
2824,3539
8879,7929
6404,8518
8689,3678
6929,1305
2785,4461
4465,6833
6693,4814
3796,3538
1129,5749
173,439
9936,505
3780,7048
549,7592
8122,9267
3950,4255
9560,108
272,5214
599,1331
5539,9468
910,1679
4269,2644
1430,3065
1039,4004
8467,202
559,5677
835,5934
7356,9085
3518,1123
6576,8539
6758,1942
1761,786
4340,8258
7320,9534
9066,7099
47,8567
7779,5650
1916,5780
9257,1740
6041,4653
4412,1934
4026,9792
7122,9927
8140,2995
9138,2491
4649,4639
3905,1166
9053,5526
5375,990
1247,3275
2619,3375
9791,1284
9657,8072
7719,2931
9122,1204
1791,2830
578,7236
3477,2945
3499,9629
2222,49
2580,2177
5735,8135
4353,404
4782,3940
9566,7156
6055,7082
7528,5392
6098,3733
6823,1951
7290,9369
5790,2168
3730,3623
3398,6553
2958,6766
186,3737
5980,6955
3410,9890
3809,740
9937,2103
3613,5438
7870,6440
408,4786
2830,847
1661,3608
2700,2973
8688,80
5229,5986
9642,7475
4863,9537
3603,3007
229,7645
2099,662
2244,3555
2413,8192
3039,1311
4019,4665
2560,5382
206,1837
7371,5022
788,7788
9905,6562
6438,4764
7767,5420
8082,1351
9497,5479
8510,6763
148,4239
8969,5144
8030,4223
970,9430
9883,7688
9163,8848
4327,4053
3987,3298
6049,7835
6160,1612
7487,4875
4373,7960
1677,267
7539,8349
930,214
1709,2610
16,2095
4518,1636
99,7253
1756,1054
9502,4780
6595,2287
2514,7406
4660,350
4661,5771
3369,8872
5576,7900
8748,2545
1054,3913
4049,6203
2285,9063
7858,7087
1242,7737
6242,306
3102,9341
6115,5036
260,8147
6821,9493
7523,5084
5279,9077
6270,9175
5943,330
8573,2600
7702,8674
2017,5941
8292,5706
4815,6563
5387,888
7695,6636
5540,3753
8020,2204
962,7006
9910,4005
6552,8896
1416,507
4687,3219
8134,4188
1862,7245
2119,1171
3256,5134
3124,573
799,3675
5564,2637
4958,7431
9520,1946
4016,5519
3116,5813
42,9217
4704,4708
4506,1299
7390,8865
2847,7466
454,4918
9423,7589
6141,3192
9682,8245
2235,6815
218,3106
1746,2964
7847,4131
7713,1092
1208,4282
4191,4740
9759,2227
2358,4407
7150,5842
3264,849
8973,6886
4959,5437
3634,8402
5880,2500
8211,4248
2674,7672
7899,3439
405,1809
3723,7722
3088,8620
3345,21
5720,5066
5052,5152
1726,5818
7280,176
3718,9742
4894,193
6435,1124
7410,8516
684,9845
5633,6592
1590,9564
993,537
7266,1494
8899,2155
520,7708
5737,2989
5823,7211
4126,9189
4252,7686
8108,3788
7081,9689
5669,4485
5895,9611
542,419
7159,4581
2066,605
6721,2767
1209,8214
1179,482
4336,2773
2993,9398
9824,9506
2750,5141
6167,647
233,1785
1551,3226
7545,870
609,2072
8859,8883
9141,3891
4643,2562
8426,3967
5684,4672
3535,5947
4217,8080
8062,4409
2172,660
4890,8002
3303,1960
2871,4949
1687,4012
9056,3975
7925,2257
3258,354
6526,270
9776,6703
5687,3734
7728,7372
2680,9507
5570,817
4267,7830
9643,6984
7260,1537
4170,6654
721,6502
6624,5852
3498,1191
6063,8499
5355,1133
1601,6811
2997,8930
9865,215
8428,3175
6614,3801
3543,2760
2517,9106
235,5362
9359,1340
3237,6809
4934,5177
8682,9467
9203,6400
838,889
5817,9488
8530,9325
5009,6212
1357,4151
8392,9850
2856,2006
6505,9053
2492,5289
9712,2378
7352,2452
6558,2907
3628,3883
2565,5032
9801,3989
7612,3873
1955,5235
5081,819
608,1370
6889,1373
6143,2429
1464,8940
5451,9583
8250,3696
4866,6098
3162,5942
5159,2430
2415,6737
7076,9252
5796,2732
6326,5802
2984,8562
5934,3685
7685,1107
2801,6433
2465,6333
24,6138
5721,6027
9152,576
7142,2947
9361,5511
8315,6458
914,4125
8027,9855
3263,9022
8978,8962
3184,6508
7903,3498
8340,4926
8265,1880
7769,3813
5246,4038
5657,5972
237,1378
3807,9078
9781,8893
6228,2115
1467,7198
95,3212
7704,4179
6653,4669
5349,6910
9874,6614
388,7296
9468,586
3174,1857
632,6295
9697,6572
487,5100
7684,9643
5141,1435
1259,4442
7317,4504
6857,641
343,1160
6452,5768
2307,7128
7368,33
3214,3500
6236,5174
7257,1477
2654,8854
6491,6616
977,2349
7958,9151
7441,3464
2289,6781
4503,1493
6028,320
1751,1603
5759,865
5871,5705
1636,3048
5226,5891
9760,4532
7147,3312
6761,942
149,2468
5683,8988
2330,4203
6682,2126
5351,1055
743,6441
4971,3962
3321,237
196,1965
3339,6935
9058,6444
6503,54
996,3356
1376,2706
7856,7667
7095,64
5731,1738
3491,4802
2504,4446
484,4605
8245,1088
8594,3964
4673,7602
5711,8938
565,2824
6896,8005
5830,6895
859,5739
5299,102
3417,8681
231,1571
7276,101
682,3028
131,7309
4035,1372
6373,312
3433,5395
3797,962
6329,223
9080,2210
9419,5034
6146,8020
7340,2121
784,4355
4712,2809
5532,3471
3334,9552
4932,4109
6285,6143
7848,3908
7120,2009
4682,3625
7636,6561
2784,8812
488,3246
7889,1588
6515,9788
4989,1461
4731,9778
5023,4135
1050,6961
2845,6999
1626,7687
4457,3472
7638,4451
1285,3948
4801,2642
8675,9016
1206,9302
2962,5367
2740,9408
2724,8842
2927,8157
5774,9786
1820,5351
9298,6846
4418,2211
3065,2510
6511,9248
2351,9757
175,377
3135,9941
5463,4281
440,2574
7658,3394
8401,1713
2162,4071
2081,556
5300,3354
6971,1672
4632,3027
4748,29
8923,1436
8472,3750
2670,625
2487,3005
3717,7230
5888,2936
2159,5422
819,1675
7239,5976
663,7366
8362,4857
1045,0
9715,1691
4298,2387
6537,1446
7360,6756
2499,2366
5037,2200
7554,8371
1098,7428
8967,3051
7548,7831
5188,2829
4046,3058
8954,2190
5593,1858
3684,593
6272,3687
1721,7057
7243,6894
3626,825
9713,3885
5821,6341
3609,5197
7576,9395
2038,2218
9109,2819
6591,3509
4830,9524
1531,7591
3437,9018
6185,8164
3918,6204
9373,9024
2179,5345
6245,6509
7155,9735
4500,6569
5005,3880
7587,8338
1359,1709
3075,5961
4634,8109
5286,764
4302,4136
4127,4713
8320,4810
918,5433
9321,7681
2053,8343
4916,7522
3274,3469
8782,7826
9754,1280
2236,7994
4755,8700
3413,3522
8997,7777
439,2978
5938,7059
3271,8604
7547,3010
9890,8429
2763,5809
7755,3295
5190,5361
4743,4545
8236,2495
6737,3923
3005,2532
9263,2238
4803,6684
4304,2778
8403,9014
7533,9555
3348,6968
4616,9183
4004,2417
4942,8777
8107,6317
7242,6671
6944,7402
3036,9041
6105,8763
4847,8356
5107,1470
748,8470
2828,3037
7964,766
4352,8196
8190,5669
2430,4514
2910,7032
2158,8326
348,1332
2777,2639
9968,1149
7051,1206
7643,1739
4570,1759
6232,6760
7358,5146
4541,6360
8888,9019
8226,2587
8835,2590
900,9527
5385,8797
3991,2547
5916,7097
179,9867
5640,9038
2576,9885
1803,3221
6370,4883
6392,348
5872,7780
5949,8142
355,2350
529,1735
3426,7734
8220,8500
4089,7279
9851,4628
6310,1628
5036,653
2193,7280
1623,6031
660,1670
6724,5355
7930,3059
7324,749
4011,7172
6366,3557
8061,3318
1918,2337
630,7
7791,857
382,8250
3393,9475
7790,2034
386,685
7401,2589
2765,9752
4196,9316
1523,5975
9454,2305
4199,4673
6316,118
8566,3178
5716,1567
5846,2367
6829,2551
2753,3889
5728,9256
6474,4336
5583,9977
1034,8347
9371,8613
521,8424
2699,8100
3318,4833
9665,2311
4339,7432
5171,6218
5230,3341
8450,1580
9223,4939
3241,5625
9647,4436
497,76
9146,4433
2969,9004
2779,5589
7311,3930
4341,4555
6407,9730
2749,9092
7610,1367
7198,7349
5696,6709
5781,1459
5991,4028
9731,7311
1419,5389
3943,5089
1656,6119
3090,9962
3282,4201
6666,1145
8651,6791
4228,2686
8479,1147
1392,7437
963,8472
1128,913
4688,9983
1439,6432
9534,3756
82,7444
4969,397
6352,9568
9592,5595
2295,2518
361,2073
5043,6640
4403,3990
3891,5612
909,8369
2363,2961
7761,1488
2302,4650
5178,1748
2354,3866
6563,5166
612,1921
5690,1755
754,3468
6211,3860
6616,7838
9213,3939
230,4482
8827,7721
3261,8820
9648,6830
6179,7092
3250,6067
8358,7944
8677,8401
3771,9829
9318,3293
3947,7738
3791,3768
2748,6529
7492,3909
3073,474
9977,8129
2225,9515
6903,5939
5555,9604
7359,1631
1063,4484
8813,9785
1867,3046
2689,2493
9516,920
297,8315
4493,6953
8871,1990
2520,9421
8659,8878
8452,5394
4553,1801
3099,4982
9747,9278
1410,9026
8039,657
1537,3807
3547,5877
1797,2434
7065,5881
6162,8554
118,1671
1036,268
3137,1231
3777,555
7165,6095
2645,7875
2276,3709
6658,1329
9580,6639
4258,4692
8547,972
6322,8874
786,5021
1940,4148
1056,6855
3485,4229
5144,3154
2788,919
8624,1799
3042,6384
3648,9105
2149,4500
435,6956
9931,987
8654,8787
1732,2175
2323,2649
2658,9528
1553,1772
6518,7062
8694,2786
7874,9718
5805,9159
9652,3543
8117,867
5074,9165
5253,1940
6470,588
5312,7914
7275,7304
2549,4596
1665,2410
7698,4660
6943,7609
1880,9580
3167,1994
9372,2866
2479,4835
6799,6316
9331,4913
9097,3489
3585,4952
4494,498
7145,6298
8459,5113
1634,9323
2593,7869
2379,9592
2423,2354
5553,4860
3537,1062
9275,9206
4574,8132
8380,1516
7005,5181
3315,3180
9090,4077
8183,4774
2821,5304
6512,9261
6441,8262
6966,7382
2538,3513
7493,6644
1062,2939
1000,1982
5824,8752
3789,1360
5621,8188
3848,9621
7852,3951
3163,8676
8706,8272
1507,4703
1864,1736
9471,9122
7307,7733
8557,5727
9762,7524
4672,9423
6569,2401
6733,3531
4544,5805
6251,4366
6670,7191
4754,8824
7337,9095
4856,7042
5671,7762
1069,9064
4417,5664
4717,9929
6594,2822
2300,9846
530,6308
7828,4511
265,9230
3313,3666
9395,8248
6319,9641
6336,7971
6371,5363
5955,8578
904,5960
3404,6732
7,403
8424,2879
6904,9800
6440,5791
4615,7680
7263,6072
3186,7800
4770,9364
4117,9986
9558,3315
65,4817
9067,5736
5086,655
4974,9293
190,7397
9167,6270
3915,4238
3431,9746
5985,3934
9588,729
5685,3313
7503,4306
433,5259
639,5183
7745,8283
6839,6933
1913,6480
9662,3411
8072,7901
8119,6724
8949,5491
6990,5603
4912,6670
2061,5298
7649,3216
9685,2326
5341,1375
7843,6623
64,4897
6662,704
6585,9400
305,2259
9192,4139
9973,4030
9176,9113
2802,4914
61,3618
3517,345
9728,771
6259,5263
9448,6785
8965,602
5184,6450
1839,3553
8454,8800
6009,1630
9911,6467
4545,1482
6303,5841
1693,6066
1475,4729
6786,8969
8568,6096
2325,338
9523,1355
8768,3650
2312,3858
4925,4008
5329,9724
2912,6695
5308,926
1929,6568
8300,5117
8314,5331
9259,7420
9398,435
8193,3485
9315,9312
5143,1252
9680,6518
8937,3419
9823,542
9832,4024
5700,3676
3327,119
2292,6655
5882,9309
7144,154
881,1153
453,2858
3994,902
3710,249
2915,1051
9706,8753
3219,55
2201,2460
926,8673
4677,4997
1879,5441
177,5652
384,6417
5534,180
1625,701
9268,5350
4018,6105
2920,2527
4168,9519
968,5627
6060,7228
6777,5874
4246,4709
5785,4003
7798,616
2943,7131
2305,6061
3554,4656
5152,5546
7485,8571
2723,8627
3449,3403
8537,2619
9765,3830
8371,4737
2355,2191
9148,2063
8946,9008
2562,8436
7824,4169
6014,5636
4795,445
102,2036
3021,7989
2853,5926
8312,5687
5348,3119
7336,2376
4559,2579
9439,26
532,5391
5562,8985
2359,2432
2306,2963
1513,8242
3621,1991
4780,5599
4951,4323
4965,8112
8101,5046
91,9202
120,209
7766,2567
4838,9338
7900,5559
5704,9140
22,159
6945,3670
8002,1162
7064,7793
5503,5707
5999,2075
5265,8977
8317,6558
4874,968
5125,6590
5917,8093
1409,5515
1148,18
1870,5337
5342,8012
8518,255
588,4193
6298,9801
9858,6037
1139,1529
7814,1733
5382,1878
9845,1213
7818,5729
885,5023
6271,77
2666,3073
515,5724
121,519
7468,8593
7594,4634
8551,3289
2712,6628
6510,9269
7668,850
1378,6613
3660,7166
5101,8202
4482,768
9193,9094
7221,5918
4905,9575
4411,3457
1724,7165
927,8776
9877,7180
3347,3970
831,3148
8391,4474
4453,4187
6278,5747
8903,6782
7859,6871
8010,3241
8974,8569
1885,8243
9436,6258
8347,7359
8764,8696
1418,6196
472,1943
1873,5481
8905,6274
9426,2248
6625,5644
5959,238
8251,3749
6196,4112
4485,7380
842,7014
258,4841
1352,1836
4982,6905
7026,7294
7901,4902
1808,5444
6900,547
2095,6431
3378,1186
2665,5323
6545,4642
6842,2544
8121,3043
8542,2185
3965,1491
8249,2001
330,2152
7480,7819
4275,4882
1829,196
5287,3639
5613,7182
3764,8793
9562,8140
7937,1042
2839,6251
4234,532
2456,8293
6037,5094
7023,6823
4382,7876
7920,1352
4489,3249
1436,5186
6350,648
1042,6122
6197,9410
4709,1324
9288,5091
7413,9700
2198,5243
7588,9678
7956,711
8697,601
8640,1648
8269,6260
8669,4490
3084,2355
2774,3729
501,809
1434,3761
4428,5053
5354,2502
7910,6714
6811,3691
6500,8991
63,1985
823,2505
4438,4983
8930,5272
2014,9821
1739,8523
1325,8267
6623,986
8032,3304
2134,5678
3030,8601
966,8431
9006,5173
7365,3839
6800,2147
8785,1343
9590,2400
4897,8867
3795,8939
2091,8323
9512,94
3909,8393
1528,6541
9190,6730
2932,8176
6106,7480
6745,6713
8926,1024
3507,6389
3202,3705
7467,7338
9742,2226
4957,7125
9653,9796
2253,7593
8254,2515
3381,9815
2626,8992
7933,1907
8349,5305
8749,9477
114,9780
5496,9274
7551,7162
9402,8133
2762,8144
5426,4842
7639,1236
9494,9317
4550,4240
2412,5402
627,3064
9826,8372
6320,9374
7302,8603
9344,408
6660,4717
7446,6123
9808,7590
1750,7235
6372,7251
2632,9683
560,4992
2220,6501
1133,8888
1826,512
8897,3915
6837,811
1306,3210
8192,4570
6363,3550
1396,9240
1024,9463
2208,3321
7585,8822
2738,8178
6559,8836
1184,1599
6281,3256
8864,9817
5403,284
4056,4000
197,2206
9467,8769
5794,8004
764,6776
6535,5615
2121,6430
5040,4120
9829,7477
6325,5578
4219,3224
466,6578
8455,3410
3713,5011
4330,4477
1490,3757
6507,9436
7140,2856
8197,5317
3784,4855
715,287
4332,2448
8034,4816
860,3008
6047,6969
1390,8846
1173,7628
8488,8304
5509,5
5460,668
9374,3719
2888,5261
5290,9996
2951,7256
1774,7937
6506,9934
8509,438
2732,2471
2215,4674
6968,3660
4630,5653
837,2998
3439,7912
4038,1917
1354,411
4188,6944
7434,9466
4147,6490
7991,9993
585,8351
59,3896
1028,7888
9549,436
2532,9234
6639,3243
5997,393
3466,3334
6070,7111
7127,1464
7483,4106
5530,7890
4053,1471
5572,4345
1398,7907
3461,1242
1911,993
555,2249
9428,6582
9553,6848
3810,8134
9884,9243
2387,7603
8963,6045
5285,1879
2841,9220
4216,6050
3946,182
3048,6659
2247,7505
8696,1962
5654,3647
6384,7430
7876,4359
8638,4251
8971,8244
941,8934
911,6566
4621,7742
6866,3646
800,9399
2004,6404
7407,2981
6736,8542
7498,9897
8803,9166
9351,290
7732,5225
2098,1006
4446,7845
2166,7132
1942,5969
236,1830
7017,8660
2660,5207
5231,5505
644,9859
3171,8061
2874,2193
423,9360
649,6206
4698,4609
8784,5569
1294,965
283,4152
3903,5432
4067,2937
3524,8041
8512,5551
2123,8914
1933,7312
286,7991
1805,5251
7629,7234
5962,4985
2035,676
3645,1617
8013,6213
2181,7423
5743,2591
4564,2880
6225,7526
9009,7941
4000,3831
2729,783
8837,8623
9503,7834
8261,5798
4880,2380
6851,5761
3691,6239
5802,4385
3131,1276
9057,326
6573,8210
6844,7467
8576,8589
9732,6053
4440,1130
1248,8018
7200,8423
8098,7308
4413,4113
718,3152
7472,5745
1561,429
9688,7135
3003,5807
2901,5553
9323,9388
6330,2181
5515,5660
1238,65
9868,3060
6611,9935
1527,8448
6405,804
9162,3163
6154,2361
183,1337
5465,2564
6732,5078
5536,6947
7579,6408
551,3449
8063,5980
8256,2935
8374,4643
9634,8302
557,1188
44,6620
734,1381
3450,9830
4529,4755
3022,735
7313,3856
9170,1997
8139,8384
5944,9660
2155,8746
4981,5792
3326,2837
6025,4376
5783,9753
1455,4007
6475,1840
8970,8514
5400,7553
7470,4699
2957,9382
3225,1356
2505,1674
1715,6246
9000,1746
3593,9572
6840,2655
8532,6859
5468,7223
6066,2085
8562,6146
4033,984
3860,285
8009,1832
7228,6434
7454,125
6567,782
415,3380
1421,8324
5258,3183
1417,6320
6492,592
8990,557
4595,1179
5652,3820
8078,1421
5843,2437
9870,5064
7082,7968
6341,7771
9110,3805
4250,2747
6379,9956
7152,9379
1977,6181
3703,2838
7988,2444
9228,2037
2245,7303
809,1976
6172,2804
9472,5031
4365,4637
2569,5835
1799,1248
4270,1087
1620,8698
254,2976
2595,3402
758,4900
5017,2751
4426,2461
3995,8505
2998,6264
6655,8882
9667,269
5804,4087
5096,2530
9432,4921
647,7320
3892,1629
5237,4085
9485,484
1394,6394
9293,499
2065,4759
1468,5882
4074,3038
9879,2808
5577,6008
2471,1080
2189,4475
3963,156
4109,4110
6043,1363
6543,3638
4458,5510
1926,3963
5970,8538
8746,4824
1041,5309
1435,1102
6180,797
4809,1273
8419,2254
4430,2438
8025,7246
6887,1077
5706,1232
7366,1431
1404,2815
2346,9576
3673,6224
8605,4266
9239,1996
4459,5387
9618,8309
1388,5936
9041,140
8237,1660
399,944
9638,785
6077,7536
2447,6793
5481,3426
9462,598
2584,659
5673,2563
7363,9030
6705,8317
9745,2081
6170,3339
9325,8994
1782,7412
8615,6520
381,2236
5467,322
8539,2022
635,5654
4613,9126
8932,9282
2579,971
6481,8281
1575,6696
2250,999
6108,334
9788,2082
3520,2994
6810,2993
8633,2342
2609,4276
6681,1771
8359,7114
9705,9974
8225,9719
4650,8114
1653,9402
4054,6970
477,8297
8318,6499
6630,2328
3356,565
8642,6764
9871,544
2069,6035
4316,137
2672,3164
1901,6
5434,3266
4729,3746
5797,4589
7662,4551
4499,7784
5301,583
6790,2872
3604,8008
8812,9326
4222,2750
3751,8814
8976,8320
6136,572
107,4326
5595,9634
6359,2678
4908,131
9738,841
1614,5919
9205,9162
8079,4420
8892,1621
7175,8495
7922,983
6383,9469
3044,9926
7974,795
5816,8252
3118,7369
2115,7063
1520,1825
9403,1200
2070,8035
2537,4771
4203,6927
3481,169
6152,1806
9035,9695
4467,4789
7655,1479
7353,3974
547,7565
6501,7829
3190,2795
9238,8756
3669,1310
5836,390
1345,2810
9574,1624
3422,752
5255,7083
9531,1562
2459,5883
4034,5496
6314,1101
27,8290
5001,9389
3534,5086
4335,4499
8132,2557
1093,4208
2653,7986
5616,3879
7608,1899
1927,2975
2978,7841
1965,9461
5438,4009
9627,9219
8742,5794
7281,7599
2348,5118
3503,4753
4597,2482
4822,878
3071,551
7995,724
3614,2522
9982,8941
9798,2425
9477,5748
1030,2359
7687,4853
874,4221
4524,7997
4766,5497
4684,4452
1230,4710
8529,6877
778,7639
8370,4102
130,7151
2631,5773
2849,9048
1289,1987
7495,4938
4724,2660
1260,3493
5818,2539
7582,9965
7984,1306
5961,6232
436,7212
1174,8954
2502,2511
8513,3836
7104,3107
7185,3721
8146,198
5678,3353
8867,8062
7278,806
1001,3094
1232,6407
2952,6248
5333,1485
5730,7169
6223,6604
2204,9686
6627,5336
9538,1046
952,7089
4870,5905
9456,74
2769,4313
1705,2487
2104,4823
5762,376
528,1577
5655,5973
5035,8016
346,2089
9600,6587
7109,8576
6248,7440
921,3335
4114,5492
1675,8392
5946,9616
3474,128
8389,4994
3939,6513
127,2463
538,2093
4084,7585
8609,4231
2028,5938
9114,7905
5601,1541
7680,4956
600,1941
2420,1500
5051,3878
1557,2855
877,5245
7522,2576
8663,6002
1650,6171
5332,6342
9857,908
1696,3004
917,2785
7932,9960
9770,7374
4461,327
1437,6386
3875,1818
6166,7411
9626,946
8712,389
8848,9218
2384,9075
577,563
2534,5349
3519,2347
7574,2733
377,6323
4151,7807
3372,1845
5282,4594
5120,3081
3153,8352
5868,6107
6107,6618
6429,5106
7905,5056
6206,2086
4230,4220
3001,5624
3328,6687
8982,5767
5453,6111
3142,1487
2620,8340
5197,3396
3941,1867
3034,9216
5798,7107
9729,9558
8743,5808
9935,8974
1051,87
7938,6876
5589,7772
4338,4268
8214,5855
8952,8724
1564,5999
6620,4849
146,6795
5432,9540
8739,3690
4420,8734
8478,6489
2525,8292
4307,6010
2791,4210
3586,6937
3458,1040
6994,3398
4245,2290
6871,744
4124,373
9782,9107
1047,7243
5416,7641
6212,3998
7197,4218
6246,9812
4601,6343
8943,7026
1604,3320
9031,9639
7961,558
4735,7509
9899,8816
8308,3965
1314,5494
5755,610
6428,7665
4839,1084
5710,7201
5470,2779
1944,5156
1638,6020
2725,6108
730,1350
144,2118
1680,2074
946,9065
4100,9425
944,212
4742,195
6482,541
566,4395
7821,5548
1344,8524
2034,2271
6467,4714
7271,2141
4209,2585
2630,8331
9967,2343
2719,2846
6218,7987
1172,4284
1010,4209
7114,736
6339,8718
7367,8123
2470,2734
1414,5979
1466,1240
3668,3969
5556,8466
6917,6349
4805,3886
3126,9630
4076,3198
5492,2860
8868,5784
1602,3345
531,9848
7871,2652
8710,2705
2934,8608
3659,6443
3637,6178
1005,3057
3706,6137
7405,13
17,4399
1113,918
6524,7168
7021,7426
5228,3123
4993,5964
68,2433
1963,2455
4638,2151
976,9277
868,2045
8352,1334
4048,9562
907,6918
7330,9902
6540,1576
2349,2394
1849,8504
9314,5588
5215,6179
9253,8232
4940,859
6100,3427
9637,5822
7125,4215
760,8113
8569,1929
2284,770
4220,2895
4401,4546
9639,9582
2031,9538
1457,1600
152,1779
9244,6004
8992,2991
3545,3869
3465,1728
8852,7757
7517,10
8017,6993
4668,722
9473,1409
4193,6112
1324,7248
9182,1060
4337,9713
922,1611
5760,8703
8168,9118
3700,4369
3597,7358
4563,8364
9187,9020
5921,4682
6045,921
4716,3786
4975,4520
8593,3102
6103,1662
3180,208
4469,4746
878,7843
3640,4727
3159,1698
7486,9033
84,8815
4831,6985
8817,1444
7451,2097
5291,1445
2557,3161
913,3141
2377,9673
3882,175
4350,452
7976,1538
905,3306
3680,7794
7301,4466
6901,9497
3511,4601
7304,3767
4763,5221
3059,2924
9422,3373
2023,2512
3233,2913
2264,1718
4980,5493
5488,3487
3617,9870
2138,1756
1924,9329
4918,8167
4015,1344
6804,6403
1923,4922
8102,9164
7823,8471
4663,319
9818,1045
4872,6172
1738,1828
3808,8021
3095,2738
6803,5017
4547,3379
1147,3844
6984,4756
4207,9208
4714,2489
2972,442
2840,4782
1572,5776
3980,1898
3767,8875
7245,383
9501,313
8819,1193
5993,6077
2716,7840
3055,7915
6148,8759
5050,6862
8283,8549
5136,5611
8384,7399
338,8249
8369,2680
2832,4966
3773,4501
9327,8897
880,2695
9376,8656
2212,8170
4779,2958
6121,1769
6557,3835
9126,4641
5025,6046
6477,4557
3049,1357
1840,4987
9537,7789
7861,1534
3542,9918
2684,6952
8293,2216
8641,8670
9816,8984
9578,1657
5584,3145
7628,7727
8545,2309
5977,5271
217,6261
7130,1018
9783,6803
3835,440
8998,448
6307,5377
3899,5397
7912,1312
2528,4295
2543,1120
8036,7872
3093,9390
336,6799
9841,1003
5134,2492
2647,2558
8087,4569
2344,7894
6538,3173
492,3795
8137,689
4055,1595
7948,1012
5066,8705
7279,6903
1996,8732
1239,7790
4441,220
2709,9182
990,6677
4274,8821
9157,694
4022,9814
2889,5872
1322,7594
3121,5632
9354,9167
3877,7332
8356,9437
1013,2787
4860,1789
1574,4828
3631,7974
2607,3026
7626,6554
9389,9060
2669,8719
9199,2138
2210,1781
6205,6875
2797,1234
4586,6339
2108,398
6815,5646
5975,6834
5688,1656
1420,5593
7688,8456
4739,1374
5031,385
2466,4072
8751,2922
8717,2061
1784,7167
4006,4167
969,6374
251,8086
3570,90
1138,9671
2649,2664
7634,5828
9969,1113
1186,1023
194,1481
1438,8558
7962,409
1525,2264
3438,6055
8224,6973
9319,9732
5250,3482
3910,1843
3661,3329
156,2972
3248,9622
165,7857
5076,9474
3196,1029
3392,9791
6269,6358
5420,1161
3615,2982
3846,4356
3068,1927
5245,4892
8685,9708
1284,3648
5976,4910
2395,9547
1658,8040
3344,9529
5195,2703
3969,966
275,3202
1449,9521
4243,8255
765,737
8330,8801
4427,3140
6621,3613
9672,6808
5435,3605
6784,3061
5457,5147
6997,4798
2939,3074
8572,6585
8045,7021
8339,7255
2612,1083
8781,4614
6113,2102
5712,8838
805,904
141,3278
4079,8521
8379,5897
3985,5473
5819,3900
7208,9431
5698,8671
9237,2091
7060,7523
1182,4124
8081,8860
4883,4844
4303,6043
320,8241
1317,2541
986,8933
7786,9952
5360,6744
5506,3260
1487,9308
2928,3388
9282,3562
9352,7514
8276,6898
964,2275
5007,5429
8333,206
8094,5525
9046,1730
2168,362
3979,7278
370,296
3952,1262
8163,673
5511,9491
1403,7065
6399,6775
4244,9156
1037,9313
5151,2092
429,8638
3831,329
6027,8464
9764,3422
5042,8386
1191,756
5874,4219
643,8682
651,1498
7028,3849
1723,1717
5158,7555
1117,8582
1795,7090
8302,8871
6667,6395
8048,5817
2072,6013
4978,3946
2403,4649
8854,3108
1115,5040
8955,8151
426,1399
1263,3470
8091,1465
5886,71
447,1854
908,9479
974,7493
3418,9614
6847,9631
7158,4872
2734,8475
524,8190
1329,6589
9694,1557
8741,4233
4914,4006
7216,3363
9137,3135
6659,8366
1971,8905
3489,8215
892,1085
5516,5690
3067,8702
3127,5734
3526,9451
5487,6641
5039,2602
1328,6652
7203,7052
7726,7558
2728,483
1017,6573
8246,2796
8845,624
3110,9591
1369,5626
4128,5368
1178,6118
7884,9009
8305,2189
86,8637
3874,1175
3694,4811
4941,8884
7556,3615
2542,1457
9113,8798
5150,996
4020,7541
8019,5489
8644,2943
7183,6887
6181,414
2676,3478
5670,3657
4674,1307
7720,6238
337,4260
2269,3905
1925,4800
7955,2926
8747,2183
4272,7827
2154,4920
3361,1687
6870,6734
6583,9586
2001,4507
795,525
701,8462
4463,4547
6523,4423
25,7195
4514,1365
3179,546
1503,5649
8755,1321
3944,8741
4926,4029
2007,1095
2899,8019
5024,4891
4407,529
2059,8663
1155,3082
8889,8819
4857,7096
6224,843
1540,8708
6619,5581
5248,1349
9895,2012
7592,3851
9355,2015
3014,8328
324,9449
6714,2319
6606,2744
2836,9863
8367,3573
2590,4958
5085,8783
1424,5210
3459,9424
1250,1638
3638,8367
2866,466
9525,3817
327,4165
2086,3283
9944,2139
1043,6369
9499,4621
1445,6681
672,5888
456,7515
834,361
4248,8557
938,2253
7251,2129
9390,7964
1088,1376
3227,2682
928,35
575,7490
6532,4460
9625,6387
4155,7802
7450,8264
5041,6071
7202,4492
7225,4843
1606,3765
3362,6472
3864,89
702,4346
5898,534
9817,2598
30,3572
7387,4405
2182,8782
9295,4632
3908,4303
5154,6014
1792,6995
276,6610
4620,2282
5383,7323
1137,5873
5425,1959
5102,7719
2457,9598
126,2569
3540,2042
829,4205
1015,4510
797,3976
899,861
9533,5931
359,8767
5263,4963
1970,5770
7833,146
2598,4286
4309,1665
9632,4953
1511,7410
9616,2857
8422,3735
9527,1910
882,3013
350,7284
2016,7141
738,1281
7397,2983
1755,1796
4477,9254
1353,526
9068,3483
6685,6869
6880,9517
4083,1725
8698,6040
6869,9158
6010,3763
8754,4896
6291,548
6817,4413
8940,7972
9598,3793
5600,1633
5444,4664
8089,3227
5510,9413
8458,7648
9844,243
3606,2553
8680,5419
861,6429
8463,6302
1226,1509
3371,4186
1983,8833
5182,4772
7840,5229
353,3890
3325,4022
1914,3897
7501,8580
7261,9422
583,6842
7733,1913
6548,4970
7838,6702
6241,2281
4681,3328
536,1449
7801,3714
1307,1652
3571,6840
9484,9412
2446,6437
7709,9392
8886,7413
1979,4867
4645,9765
3134,6259
6253,566
7996,4140
2798,7219
5733,7684
9994,6068
6001,7142
8150,7394
4177,4925
4439,1026
7718,3348
1935,6016
4757,5110
3653,6309
5394,3444
9633,6147
6973,9193
3852,8979
193,9522
8465,2116
1244,6364
1071,998
3301,4014
8130,9005
1603,8337
2596,3816
8771,7570
870,9851
269,9589
6977,6326
2731,3726
7068,4032
8911,629
5860,9187
4610,528
2608,802
5697,7244
1838,1076
4154,1061
9312,7893
3234,1163
3204,3773
862,8766
9617,3854
2623,392
858,5111
7538,5757
2679,9694
6579,4348
1482,9145
2310,6762
1610,4082
4384,3955
5186,4725
8877,4289
1521,8847
7078,9659
8960,4021
7617,823
5092,8533
8232,7995
2399,9825
8273,1719
3446,3418
8652,1155
1554,4183
6539,4166
8350,183
7325,1615
8676,57
374,7833
9100,3068
508,1579
6893,6301
4733,6757
3467,1450
2392,9951
2683,2327
1079,9599
3826,2159
1773,8701
8668,5674
8294,434
6694,1489
1318,2740
1341,4803
4436,773
1988,1456
2434,3524
4385,3686
4311,6220
1283,2923
6638,2883
5249,6701
4513,8224
836,1758
5454,2052
7994,5499
3436,1822
8810,8982
9963,3292
2573,7225
8047,2797
4495,4722
9364,6420
9172,366
8822,5275
8441,344
4964,3499
8160,5464
9755,8600
732,5277
104,8853
5032,425
2521,4916
142,5697
219,4864
5780,5172
1087,6607
8443,9084
2389,6231
3109,4979
119,2839
4247,8282
5147,5284
4943,4870
8763,6306
9478,5465
7428,6914
1766,8502
93,6362
2646,2842
1151,2475
7338,9204
7837,7821
4837,3518
162,453
2140,6919
2450,6922
4901,1504
3293,964
4421,9662
5694,9919
2687,5815
9831,4267
1346,207
9043,3176
8244,8221
9154,3441
3387,6252
8662,426
7267,2715
8128,5853
485,4566
3141,6439
9150,5521
6899,615
2975,8438
1787,1563
5455,6167
4734,8948
3675,5765
298,6571
2758,5621
5533,9627
5396,7980
7989,5133
2044,2954
9305,8437
5514,1784
3869,4937
6054,3832
8185,7982
8457,6925
681,3828
3033,92
7597,6226
2084,8261
2668,6310
2421,1082
147,4455
9391,2889
9078,7557
1044,7015
9848,7016
3814,4465
601,449
3115,759
7743,1410
4164,7120
3992,6514
9570,2423
4833,6469
7326,3727
7810,1545
3460,2411
8904,7148
3722,5211
6906,315
6605,876
6331,5528
3715,8551
3007,1219
3283,4257
5674,3382
2948,1528
830,8321
7819,441
500,6902
9258,9710
6367,8295
7262,7186
1048,716
1391,1598
7806,1079
4623,9840
5480,4550
5939,8617
1362,3720
7632,6324
8046,6425
5115,9196
2205,3112
5012,2114
6691,3018
2178,7112
8334,7868
6581,1901
4885,1218
8847,4619
7085,5306
8421,6924
8876,5758
4497,5717
8188,9668
3858,2418
5266,2284
1655,5477
5892,3603
4888,3252
8203,1050
1099,1723
8175,5832
303,4819
2592,8652
669,291
2461,1291
6176,9221
710,6409
3853,4564
4611,8695
7611,909
3592,4472
5177,6736
5984,9097
5011,832
7849,2076
6863,8559
393,2596
3828,820
7212,709
8012,6649
1207,6447
3849,7836
9799,977
3612,9276
1714,1981
3658,9728
8343,604
8147,1460
3091,9459
1029,6997
5969,2008
8611,5635
7563,2501
8514,4583
3741,5720
7187,9381
2431,2348
443,5970
5557,6022
2803,8922
8770,6385
9112,3867
6008,2016
3647,5451
6448,5303
5957,6304
9998,129
8059,514
8645,692
2231,671
5008,9947
6158,3052
4618,5073
3888,9617
2721,297
6807,7274
6853,9271
5952,7848
7945,5048
4844,8269
2825,4899
8313,2137
268,2623
7312,4164
5630,7714
9342,8990
9703,5965
4009,7313
3054,4100
4380,4367
912,3415
6233,2132
2967,2050
7309,2671
3747,9904
1583,5725
7609,8721
3149,3855
5053,1694
5776,9816
6177,6977
9997,614
6464,9209
9594,4585
4483,5421
5392,5482
2597,1466
1621,1143
6697,8592
9234,853
5413,1961
7711,9397
6686,4572
6740,6373
5764,9489
3403,9169
6514,7633
5840,6478
6808,7462
3687,3190
7535,6165
4631,5532
2211,7725
5179,5412
4581,8813
7102,2130
7042,6479
6023,3033
7235,7543
503,3800
8913,6125
1956,5030
476,5730
3686,9006
1816,355
2076,8840
9513,2731
9023,2548
7362,721
9992,4895
3445,1154
4136,5203
8800,6496
9260,7108
2030,7375
5867,6100
2618,3454
3240,4881
8238,421
1,793
6062,4145
9926,9101
4549,8928
1057,7054
3610,4036
308,1764
293,5095
3172,2173
8124,2887
3414,9672
1080,9418
1401,9566
6168,9320
7162,6276
2852,578
8869,9636
5820,4928
9547,8039
9334,5580
3077,9487
2884,9470
7254,7221
8875,7093
781,1157
9377,6074
5408,4799
4197,4402
7748,2292
8056,3571
1386,7476
1635,8287
9916,1916
3608,3561
5398,2440
9645,8117
7106,9501
2151,9298
3085,3700
9207,8094
762,8606
4277,3779
6266,3944
2921,568
8919,6089
8597,6498
8762,938
6472,9152
2917,1770
9794,7864
7206,1272
7614,9896
9695,9759
4462,5020
2964,4535
4725,5045
5537,2370
5772,9535
1493,3177
5205,2146
1097,1523
7936,7691
7080,4565
9412,1338
4853,1286
1321,1440
9320,1558
2898,8206
383,1366
7176,4491
9964,2533
3469,7884
3317,6003
4264,2845
5446,5957
9649,3134
7210,4017
7174,5574
220,2612
6572,6645
4740,7539
526,7538
5574,2058
9897,8683
1035,7671
9226,7730
1651,8458
4162,3029
6274,9347
1657,6994
6838,6828
1021,1816
9183,8646
7691,1999
5157,4353
2544,8891
7477,9691
5108,7041
713,5566
7465,728
8581,7281
5422,7154
5502,272
9896,9046
5844,6692
8258,7242
9544,1819
8796,6158
5080,4765
9135,3771
4296,2453
6390,6397
2218,256
1569,5383
535,895
4347,3651
4452,7489
4042,1122
4814,7250
9611,8036
763,7533
2148,3009
6378,3956
502,9385
2926,8208
1706,6526
7098,9229
7169,5943
1192,3129
39,9806
7829,4103
5239,7471
2077,4862
8619,1955
5879,9356
7604,6615
5236,1201
5272,6584
5558,8740
6547,1328
7530,8497
9358,6539
7707,9828
2990,8717
8051,2578
2551,4156
5217,1433
2861,1196
6244,1503
7382,3332
5128,3740
8182,4371
6238,5633
3295,1575
2827,1019
3981,8225
2478,8259
7675,7439
2033,5025
8138,6093
7224,9644
5926,3079
367,5907
4876,2474
341,7157
9262,4644
1085,4394
9956,8110
9140,1966
3920,2999
7869,4608
2109,5356
571,6940
9962,253
5876,9648
5624,5728
242,7392
839,7676
7464,5434
7509,5952
516,2854
6876,5682
3595,7227
299,2481
618,871
5644,835
4157,1677
2615,78
8986,4097
7630,1486
8836,4173
8052,121
9889,9181
7497,879
7578,3708
2991,7085
4023,2192
5117,5256
8994,3420
3754,3570
884,4134
4072,4292
5004,1353
7461,9734
9606,5238
9579,1472
737,4548
3210,2701
6720,2938
9751,4050
8325,1208
749,649
2741,5072
4475,1667
5719,9531
3390,3476
8205,1395
9551,9087
8274,1643
9125,4666
8000,8127
4468,321
5233,3822
4641,4043
6883,8260
1426,9871
6076,9721
2337,4069
2938,8722
3734,1250
6097,4807
6910,1682
4913,9954
5311,3784
1718,5887
9820,7769
3185,4065
3104,8492
3440,7852
2956,399
7341,9176
5098,4734
9565,6346
5271,2531
9541,8615
468,2763
2217,5005
9787,3424
7403,6906
3546,8535
8067,7736
777,1792
2624,3842
2960,8699
342,4988
8213,3097
4919,8345
1694,7582
6454,6085
9722,3116
5831,2832
4024,314
6612,7055
7917,8236
7631,7302
2296,781
5235,7088
4558,3821
3314,545
7277,1776
9247,7908
1111,4270
3917,4678
2238,8805
2164,543
3496,165
5493,5447
6672,9545
697,2597
8248,5472
6908,1126
4713,2550
625,9153
6486,2056
5058,2374
1796,2199
98,6826
8004,6954
4369,1183
4395,4788
1592,579
4995,2306
8646,1345
7772,8014
1020,9281
2382,4263
1460,5509
7383,7076
9701,821
5851,7749
9106,4541
3136,7299
4834,6715
5161,4793
8715,4063
8508,7457
7637,9637
3255,4447
6056,864
6215,2314
5618,3186
683,5899
7177,2242
675,3459
2992,4181
4864,4730
3682,7117
9039,6942
5388,9428
6769,1261
5078,4879
6393,262
1277,8509
1912,5196
1806,9773
2583,6552
2174,4180
3423,2888
2049,9051
5046,9259
641,1296
6494,813
2410,2332
4927,9082
7982,9597
4070,6461
7677,8485
5069,1925
9165,423
3427,6233
9577,5850
9922,3067
7357,3884
1400,4285
2067,985
694,9775
4113,7050
9635,8869
7750,3663
6007,9541
7484,945
3600,5733
6909,7981
3025,1247
7635,3258
5499,9241
4091,9642
4326,9334
9991,6857
1876,4044
7097,4259
2859,1156
5223,6330
4354,7181
4281,6705
2251,7485
5164,4317
9311,3416
4534,4067
8924,6658
934,6794
3575,7266
6923,1986
9116,9079
3384,4696
4560,4416
5813,2720
6688,8198
9394,5041
4050,9132
6058,133
8596,9701
8699,2818
246,3927
4491,680
5427,5372
1660,286
257,1081
2850,9751
7998,7814
5070,1104
9894,4114
1040,6510
6190,3069
4858,4523
5679,7613
4432,834
6195,3053
5297,8830
8671,3093
7392,8447
8575,8285
8711,698
1270,8463
9196,4189
4107,9490
8158,2171
5775,7750
2139,2161
5620,8648
4895,8748
5495,7126
8227,1708
5531,5797
1274,3811
7173,8154
8872,7554
2842,1265
7328,8354
3916,9508
8103,9794
6067,6609
6032,3931
2772,7293
5240,6243
4322,3264
8383,4382
1188,1397
4161,712
9840,7746
9129,1180
2482,2520
4112,1566
3399,7583
2334,3662
2402,7851
3224,1451
4103,3943
518,9638
6996,9260
8212,5240
471,8074
281,5461
8412,6986
677,15
6848,8774
9221,2358
8189,1388
3769,745
6836,8362
1165,4011
8007,7715
158,1606
1264,561
9431,7863
2675,9808
1252,8831
2223,4427
1627,8586
8522,6229
9115,8957
1027,1379
4719,4095
3046,2673
6426,1928
1222,7277
6357,9471
7315,2117
1453,8709
407,5893
1719,7510
5672,6559
6458,5142
7370,3617
7334,2630
4471,3607
1497,3505
1952,7775
6309,2667
100,2714
4587,7753
9692,509
7379,4078
3584,1228
2497,4343
2869,8484
5966,2231
3076,3259
9835,2687
6586,941
3714,6617
8996,4858
3203,8247
2789,981
5835,3049
8527,6296
6927,6101
6755,7187
2922,7040
1622,7058
216,4327
3140,7022
1132,6419
8149,3661
7661,6235
202,4046
7471,194
959,5782
9003,4538
6675,7433
4393,3874
6566,762
8735,1116
4002,6477
7226,4995
4381,7124
7660,84
6560,3287
3576,7289
1672,8011
7427,8360
7835,1389
5437,2850
8144,5539
7331,5520
2485,4636
3811,9633
3964,4950
7894,6806
1130,3267
8483,1829
2439,8101
1946,3364
2556,8588
2477,7446
9453,9442
4920,4074
9308,1625
334,3520
5723,2870
2708,5956
1118,1314
3711,3338
5608,1008
271,8263
6814,4542
5497,3619
7395,1195
5932,7077
3329,5051
378,6287
15,5404
7069,5513
9224,1650
1844,9146
3081,2447
1863,157
3693,1861
9363,4457
9120,674
9966,7268
6110,4380
259,9626
967,9291
1501,5200
7923,2698
7268,1039
8166,1452
5110,9161
5345,5591
