65,0x7f78689a853c1fd84e322d47590ed8232c0e6328
79,0xb7ef5fb53dc42839270a94ca569536a7c7e7edde
105,0xeac54e053b41ede4a6dc3510254ea127304c8785
74,0x979cd16c8a263d82a265f6de80e5c1f03ccaf1d3
66,0x83ffe44de15601e77acf0a0dfa75d94afe7f41aa
99,0xe645bb168a0f7588caa331e89d88acd22e1885c0
4,0x07ae3f321ab9422e978a9f953f34c88907ecc27b
70,0x8d0523b77b20304ba26cdf872c13397524cecb0c
62,0x78f800d6eafda376ab299e0b3c02fd90411c0f22
17,0x2c815fdc7a76c2e508bd0359b5b7241c2f69cbff
49,0x5c1d7ba69e4f73250decc014ad838051636c2c23
82,0xba9f86ef24824a3b436f5c65eb3f2e6ba3be71ca
37,0x316a35ebc7bfb945ab84e8bf6167585602306192
86,0xc03c278662c0026aae447488048c4796df771927
9,0x1bd22bb269b89e491153375c99203cb39bb7830c
53,0x5d009d92587361dc3a9974798448a80006627b60
100,0xe645bb168a0f7588caa331e89d88acd22e1885c0
80,0xba96ef1b0ff48d4c81a46b4b113b559a7111d343
16,0x2c815fdc7a76c2e508bd0359b5b7241c2f69cbff
102,0xe7003386e12dd2915639a8a6a017fce86b388d21
2,0x039f788e37992719773ac21ca18bed79ab65a85a
89,0xc38f32cdadcec1897236019fc871e35c97b1b4dc
27,0x2c815fdc7a76c2e508bd0359b5b7241c2f69cbff
40,0x3fd986ea4767cdb9f48c14e469c1cdb9f1e56e56
34,0x2e7bf9b07a16448d956e6457cd17f9384eb10f4b
21,0x2c815fdc7a76c2e508bd0359b5b7241c2f69cbff
71,0x9081e7ad50188df1589b8b9fb7ad0f26e3b3028a
12,0x205b9c652c418ae2979de938b6689da7c1b97db1
94,0xd4657e77fdc23238cb1570a093bd83f79d0ead2f
109,0xf6fdf388843ed9eae555e65fae38fe984efe3312
33,0x2e7bf9b07a16448d956e6457cd17f9384eb10f4b
47,0x5ab68b68757ea098f174ece3ed70a767e3bb5b99
81,0xba9f86ef24824a3b436f5c65eb3f2e6ba3be71ca
43,0x536236352627a0cd16a2fa98660f7ad99aa7fcdb
51,0x5c1d7ba69e4f73250decc014ad838051636c2c23
50,0x5c1d7ba69e4f73250decc014ad838051636c2c23
91,0xcbd14770ce571580e9e82b7188bf8b1e78bacd05
58,0x7589c864516db39454bf4518802dd2a75b5a290a
29,0x2c815fdc7a76c2e508bd0359b5b7241c2f69cbff
59,0x7589c864516db39454bf4518802dd2a75b5a290a
15,0x2c815fdc7a76c2e508bd0359b5b7241c2f69cbff
108,0xeac54e053b41ede4a6dc3510254ea127304c8785
88,0xc38f32cdadcec1897236019fc871e35c97b1b4dc
5,0x07ae3f321ab9422e978a9f953f34c88907ecc27b
36,0x2e7bf9b07a16448d956e6457cd17f9384eb10f4b
3,0x05239033de4e298546e43091a53fadb8dbe252a3
85,0xc03c278662c0026aae447488048c4796df771927
54,0x5d009d92587361dc3a9974798448a80006627b60
67,0x83ffe44de15601e77acf0a0dfa75d94afe7f41aa
93,0xcbd14770ce571580e9e82b7188bf8b1e78bacd05
42,0x5301661d5a55e3712537949c65b86ea72cf41519
73,0x95d7242abc063214bd0a733a5929239ef788a4fe
26,0x2c815fdc7a76c2e508bd0359b5b7241c2f69cbff
30,0x2c815fdc7a76c2e508bd0359b5b7241c2f69cbff
14,0x28c807746b324c859392d42fa298f61d8f793abb
103,0xe76f76bee5f159721ac9d41338d3638cde0069d1
75,0xa68205df9ad19a03bb223d29183c313280cc68d7
13,0x2364a06924d23fa4cdc9e950031d7aba0ad194e2
11,0x1fc4bc3b9cca5a9b86c8d5f6fa592af999561f28
32,0x2cd7b91c4aecde994d41d956d315e647554d7112
61,0x777b43699b854e3688e9b3a8cd3cdc1f419977e6
35,0x2e7bf9b07a16448d956e6457cd17f9384eb10f4b
101,0xe645bb168a0f7588caa331e89d88acd22e1885c0
96,0xdfcebd4d1078f2d67dc3873749fedbc93faf36de
64,0x7f78689a853c1fd84e322d47590ed8232c0e6328
41,0x43caa2a428175097f1b10e91e10d52c943c6859c
1,0x01f1456f5af0afdf17aa05efe4220d9adaaf00dd
63,0x7f78689a853c1fd84e322d47590ed8232c0e6328
44,0x54c6351226be0aada9f4842adaf58e4ce9f1a08c
22,0x2c815fdc7a76c2e508bd0359b5b7241c2f69cbff
110,0xfdce46b4fc4471720d5160a0f7c4d21d1e2d7286
55,0x605deca13a61788dde7b4acfd32e9101da6fc6fd
39,0x3da4f311fac2305b88faed9d639991afc89e478b
60,0x75fb6142a0d52a4802030911a94e66dbfb25a323
95,0xd512ee04a1fd6f8226c2ea3543601177b96a8738
38,0x342ce3e33076321a0d33e4343015a67d6b37beeb
45,0x54c6351226be0aada9f4842adaf58e4ce9f1a08c
24,0x2c815fdc7a76c2e508bd0359b5b7241c2f69cbff
23,0x2c815fdc7a76c2e508bd0359b5b7241c2f69cbff
10,0x1c60da2fbfe29b2e871c4b530f77630713718e6f
107,0xeac54e053b41ede4a6dc3510254ea127304c8785
98,0xe1960edd5b5dd02dff17d509da2db55a315f438a
18,0x2c815fdc7a76c2e508bd0359b5b7241c2f69cbff
48,0x5abd6a48ad5ad6100ddcd5438b8a2488e5c083f1
19,0x2c815fdc7a76c2e508bd0359b5b7241c2f69cbff
106,0xeac54e053b41ede4a6dc3510254ea127304c8785
90,0xc91a7d0a725b8d3f078dff6fd99770ad102db6ae
83,0xba9f86ef24824a3b436f5c65eb3f2e6ba3be71ca
87,0xc23998603fa0e2488864f6dc44b5b1fc41465bf8
77,0xaf4ac2f4c6787e81db915415eba3425b39fdf163
72,0x95d7242abc063214bd0a733a5929239ef788a4fe
78,0xaf4ac2f4c6787e81db915415eba3425b39fdf163
104,0xe76f76bee5f159721ac9d41338d3638cde0069d1
8,0x0d8deccc10ece0c006311aaa8b57bec8d6dd1879
57,0x6bb1da15b40868475708b70dad9002baaf23878d
6,0x081a02bce1aa7af2bbd09128ec5e7e6877d53a3e
84,0xba9f86ef24824a3b436f5c65eb3f2e6ba3be71ca
69,0x874164d037093a7c8f2ea7918a77e1a562a70e71
31,0x2c815fdc7a76c2e508bd0359b5b7241c2f69cbff
46,0x5ab68b68757ea098f174ece3ed70a767e3bb5b99
56,0x6413082247f9c444f6abe0aade895be2fb416db7
25,0x2c815fdc7a76c2e508bd0359b5b7241c2f69cbff
76,0xaec0eccd8365f4136ef581b8ee70a06f6b952c4a
20,0x2c815fdc7a76c2e508bd0359b5b7241c2f69cbff
68,0x84f9f8de9a299dde16c974df224d52587dc08542
7,0x0d5f9bc4425eab375f5020f51dd4742205e6bbef
28,0x2c815fdc7a76c2e508bd0359b5b7241c2f69cbff
52,0x5c1d7ba69e4f73250decc014ad838051636c2c23
97,0xe08232cc25479f5fc3e9ca3f4edbb045490ea360
