0071cd44007cbb6678ec4900db401635f03e5df1b35541be5827149ee8e0c259,385
00b8193deb34094cfd85f78fc0f0600993cf402feee480ba8892b93be973db69,313
01459f36327b433f8316b93c521d56482dbce2a929099c0f1018eb1a6481d59e,735
0199d5c0d82cf002504adb9452ec7a6c3dc660889156c0943b79671624ebb5df,1168
01a1a0110a67bde3d4610a3f7ffdac3f29523d733289f6b3ed70048c41bf0d42,662
01e1db4f94271e2568c4a7c4bafeb52485e1adcdfde154bd2e47980804667f6d,555
02335ad29d4b2cfc1fd9167873e88867ffe8ad03cad9b978a3ccc265e89283e3,742
026b0cbaa03e5ec17c16aac195eab6b97466e90e33c2e494d8627537c4969264,1086
026dd7d24e04d2befd4129abcf46aec5b5a344f8a7274caf625bac33d469fec6,918
026fa074bb248fbfae948db878817dbcf03e131dbaeba0dff1b38050b4d2eb93,283
0289668b2a83f115e494089b7aaabbba0ccd30e7a7b286311c791988e188642d,901
03bbe7860fba99e8550522abcbfc57fc53704af8d3f2ecc2ff2d9b82b98e69ac,616
040f71661d0c92cfc86c9f401b8c1af52ca3b82518aebaf9c39475f0d5737de8,824
04571f6ea6aaa081408e20784b02365715c9f00d8d757e7b6d31a51b4db2f53e,190
04e1381ae07cdee42b6446540382237ef1a99f1f02331d6c899117b0d5808ed3,952
04fe817d58969f5db39daaa462a266f899f96d846dc1e35811e5fb075bb40b4b,398
051ff225a8b692865d82782777e704f92de41581e6511c8309a2a1f450471a31,903
052ebd04331773d7a5339ec26211c19908244560db6ade400073b1403cdd36a6,500
0588cb1e18ca56fcda87845d5f02a6856b0623cbd079a0acfc40b7de8c99bbe5,1047
06909c05b61d83399df333bd172261932ca42a9b5fc3002027d8b8bd9d6fc87a,611
07001da676abcab2d2dc87a113110a6b234dcd7db123e6ad44c61d9d532e3afd,173
0706f930c412293075c7727fca33cbf1527e6a61a3062b9c70118f41b307ae2d,147
0708b668bd6610b5a4e5bccb1bb3eb1fa63be83a3ca3adf6b5ade164045ee82e,13
071647c9537fcfb8b83e4f238cd87ff7ae84220fb194838628d876cca3158183,764
076631185da46181a42e002d910c0c016c5f7248f8fc2d321a173598ccaa721e,920
0775a492ac9b566b09cb3e118f5ebcf50cc36054b70121c4ecc38492e4482911,367
079c15a3ad4a3bed72c3cfb04696f4529ad918b20bcac9850229efe74fe7901f,21
07ac25303586964cbcf62a0f1d3ed357fef31800f862e3a24ac8856a1cce58a4,101
07f4efac677e91aa48d7396c31d61c30ee1c519ef26f6c0b44eb678bc7679d90,1018
083e2f94cafa2576e3362bce5e52614991f3b881046cc2cef3e65c7b29317774,290
0845c3e882b83b2c352acc37877abd6aaad7a9c6ad5f78294d4b88335c6000a0,28
085132371690b5a62c17b203836eb1e589640d113c052e54d1311371a632d20a,786
085752e91713258e7d51e9ef53179284a18f9359aa55ae5871eded6654f222a1,463
0865d37aee1532f6d2f53111a7efa9c259de2041dbceb81c0dc1f07497856134,248
086ec69af90a69eef8a119ca7aa0dc5e94d72945948b7d4c08dfe7556b00514f,926
08b33eb1849e47ca7380060b3bf0498239c1473eca5fa0087c0b53a8d015cd6e,134
08e4057d59d719bb26088d5da4591080d190e36a6f23bc4a17e2a8446e719f98,219
0940b1eacee6c430a2d6862d0afcae89b773eac111bb9fa7493e075a27f8bd71,898
094e09a871aacbf1f467abe0d7c79c0a61463bbd4c0327fceeb3d77d14e84502,440
096d1f9eabcba0c550d48fb63838226ebeb59d67ae5468d38b781838d7a4e7be,136
09c036557896573a0e8b6e5ac25fc656bfdb2a9d18d1908f5421d592858c6995,639
09c3609dfe71e7cb5741a1d4a2de9de9e7c729148203451bb48fe42bd0f3fa34,575
09f42522d0bba6f42b42e973d554974715e5a6062a4127cba9583fceca4f5ae4,760
0a44cbbdc212298e3134ce297b480d52e887ae19fac5369ea826f7993fe2abde,654
0a5e197e5c6bb5988e151b8f81264dab3a5124a3df7c9a0c7f0439219a59f95c,938
0acbfa01c25e57f8841453feffdd94624240cdde163a58bfae3fb617ce6e8f7e,1106
0b0f9778d9ac11b963a27f00cbfd1c5bd0a89f58e8ee648aee33688136aa54b6,324
0b28c3e6a2d7bd694988c26995df734bddae3c2c9991eb7a14ac09a9be933343,866
0b3365d28ba302b073ce9ccf75912cdb144f7f303f597c7822e671ac79d7efc7,1053
0b8782264e7dc2b80904308b04f9302ecb28ed3f7b9311227b4acfdbbb216b21,16
0bf70951961dac707cb29fe784e5d4e00f4e6a2e76ac79fed6ed34c60535ffd8,788
0c6ea79f4dc47303bc38356f25368f6e88433c1784c35090cd3824680d8af559,905
0c90e3656185e1ca9f615b2b28645ea8fae46048fb20eeb064e35e07aaaae6fd,1137
0cd83819d89c6d49d3416d82112c2fef82055b03bf6b3161b0bc66dd2988258d,981
0d1e5d5fcf86d9a5ff1972d9a1921ef1ce6f64f342a72bb6379f2d15a54be2b3,194
0d2412a6fae7deb40194724fb85f92f933260b4c1e10bfb530ca08713630e7b9,678
0dba69f556a57b684ba9718f840f90daca8318f37f142478accfc257839c6481,307
0ded2ca376a795fd0331e53d30aa3d351cccab74d4d3085835cd5279260d79b5,921
0e067e9cc4e3fd54856e28b74bc55c9c8dca1e902d806e53df06259866f782da,814
0e07f3b84060a19f5d8d82a2a0b4227a1c415d7da1bee2a35d02759a9c2e265c,950
0e3b01b6720f5c311660b76e263b4a28f141355545872b577337e2a185f3fbfb,675
0e3dc3c30332992c0e5ef2cd59e25be64bbe9e5ae6b5cbc2ee9d160e90d90bbb,1088
0e7f7ce344382865b0293a77baf6f2cb252dff2fc8bffd5daa8b3755a983736f,645
0ee8531424ad8c64f1a1c726963d18c0c7a6b26c74b7d4bb3fb85b770a95f930,931
0f2e7395ad6dda055f63381f190c9647b8ce6368ad9fe4a5244440f17519c147,201
1014b0a923ab4f3d4d9a6af0de40370d2c1e2552efb6f33a5535a55d86907aef,615
105a21856a1fbf0a5f52474d63951f0b317fc8b0c47ccade50adf8dae340f0cb,939
108e61c20c22345ea9656147bdbebac61f2f17c02623b7edd101673dc28feaff,598
10ac53afbe3bf1d77f6cb6c4b59ebd0e7b72c3a7035af8d58b0912df3e86bcfa,44
10cefb5d82e71b7b8d5b36af4890c70a78fa93c717133165def00496dd9b1ed3,1172
10f72203d1206cb45b67b1664d19acd4e3ed6103cdcd1ad712ffa24885d9f2eb,517
11620059ef2db32d2040021972c523c96ae59d4a8172e93a289b1fd4ed761d26,795
1180f175d4ab2d15805291874d516c8dce4057664851f854689ae313a62521a6,603
11baa4570830181d2af52ed8edee67e77992e6e92689f4f488b9910e0e804eca,1092
11beb56b3ae88865930b98926cb09a27ce50d75d375f2f016b1124cd0cf719be,537
11fe0ccd307a8f949adeca6a6727603c7f969fae364779386f38a0bec6f9d542,671
128b8a7e5a4c895348f56502576314b6111ea2a936f09ef25ea6130355978a29,1081
12912a4593fb8151f2226eeff38ccc2b9d7f18b48cdcc383ada8dab222457e5e,47
12ab96fcf59f29df6a823e838c0d91f7074568126b81a1a97ecb8146cd59040a,301
12c19ecbb9936c9b08dbe9548046f5a39f925f8d3c14588a2f47125bdda21545,470
12f4d52c1331e3f8be3def9dcad4a3a5d57545ccd2f047d37765f32a75618e39,942
13416f50240d9b83231004fc3faf354094cc02b4e456288fb31a6e938d52a5a5,371
1367654874197956dd08f2b0cdacefd19e440198f2e37998208e56a4054b8ce9,507
137df2a636411dd5810b2ad77e662e37e2c15a5ebb1a85eecce46b3ea9ded7e1,1095
138dfde94f3c46960cc54043732ed271e4cef019712b98d650e1c1945a04901f,774
13b15f770a5fdee2cf92556c2f2435b51e872cf67b563e802ff555725833323d,1157
13e1d54c01020c8503966b0da851667d57633d0099bb897f4abb99077fe32b7e,386
13e2149f9d296d690567fcbcc788627862c41ac1b462fd14c6632a314be4427a,1163
14013f0bf8886750428340196b2101c7b84e9b5c529e778ac95c65db717807e6,284
141cbb49f152a0bdeab69d5360a292cc1bc973792188df194615f852dfc1e7ee,928
1467316140070aae47321ae3aa8262116df8602ea785f20aa612f91fe4b73af4,917
14eefa1b257b7b5cc95ade38a540570559492625b6e6a8ce3334c30a4f42adc8,393
15d9b57ee9f68ce52220b3421a0a018b40f4e9dc0a6c2f0dea336448b08179ee,756
161c7b7dfff128a9cabfd0044809655c147a845bc6d12f275ac762bc9b4a473f,649
161da5a182c2542198edfe1dcea93919a5f147442a205303697f70d3e25671a9,1145
16449bc32270b872609f8d017bd0e1a46f49ed56dfb9e058f7bd0492797fbcfa,816
16574b139ecbf42ef44b4d18dcd7d3f61359ad9baa79de95c2c9a73bc1a5bb5d,1034
1699f8e8c3c9aa17b93d72938e28aad773f2d3d3129603bee92d0bf9aebf8749,259
169a975a56664594ad52c421d0f560e95d9920a9f168d09707d1c07c4b063f3d,372
169c8d66850f773d66052670a0e158bb58b343a0eb1298ad4c717b92bc71a511,827
16bb8b4e05c22c6721616594b2f8ae5c3d444002fce2936af9fd12d2ecba9cac,883
16c0715fb745fcbd1811e8bd969a05a58a881a2d2cd4b672de07ef7ee9c52b9a,859
16c8afe9639b646b2660350628f0af75cd752b5f84ab65f3c97ba067a89a0cfe,802
16dc45b9613d3a7ce06e525d155d4208373ad7358c04cc4c6808d8f2cd4182f7,1059
16e28a86da709bfd0cfaf92a247fb5a1c28ff45591e91290f486e0f591de98dd,258
170f4c57016456a13eaf6f3a7f303561cc4cf71a19429fbe745d73eb2e9b0d51,68
177707be033a8a193c89c94a1c88bad5d159ac66de62b07270810573eeba9605,39
17804e315629fbeadf63f4170e746d7a242b0a1734b6dff98cac95167f72f443,957
178ee490ca07bdd233dab90113199f18c077a17e2982d444ceaa2aee6604fe28,252
181b5707a2c5fff6fd1d8680c33793f0d0f8117f06e424ce02ae036770688891,559
1844da9be8e20d9b4945ad7d98c5ce1bcde23a4a97c2ce54dbd9e4a10bc683b4,793
18d0e678357f1ddae02feca16a6b49ebb3a4e3db8142f835b798d48b497b6a2a,142
18e817cdaf68b11a3e03310c43eda62f7af4260ca7e3d44342c40c94a07b428f,745
18e852550e76c70e890c323d683b8e90c2102eec46540647cb0dd9704adbe707,212
190b8f8465bd64f88b6710b0fe143ab62fe09edc57bb7ca68ca5d006c813216f,1140
19a250ce0dd341adae065d75c3f601463bf40f7e15004f0ae4d7c85703638fa7,72
19bafbbb5841e037e0091c35577c030ddd9d4a13da9109d07e8883cae4b9eedb,1063
1a1bb96c68d0f91c79dc0590d754d517d646dbf5feba189b5963a9c39591fa65,1153
1a6722761fe73ae6d804d2515e0f2ce7150e5302cd859c2d58d0e230facaaf79,975
1ac040cd655a894d5d7682502206bcf38ceddd6608a673ffb625028cb859a7a6,1099
1ae7412c5cc1e5ff9747effa23aa8fa28e5fd09b62ceef27d98797352e149b0c,75
1af380f4ef9d46792d6dc43f2315852f1a4f72dade3deb959e37d344fc2c32fb,506
1b1b738171bf634dc28a39b0ff0a2de75943b3905f0e2cb7b711d15824ecb3c6,680
1b5eb26b25e21194961019254af9e528682ac447193d0182342f6e9b1e446fd6,692
1ba97f0eb527299d34c0406caec398ff8b1db8eba86d1440d3cbca94056c0927,265
1bad3f5241d96bca883a449906918319e29b0fb92e1760c9872bba6343e4ca9f,471
1bcfd7c6362c34489f56d3e13480a8803cfb71be673f6e06588fe763a43f6237,759
1c4d272399a6cd6a69543e001112531eeb8fa81d31c4b43d55a63810274e7e68,382
1c4fb68812b65b9c18229f81f62277404a958b9cb60364f9ddc900502ce76b00,491
1c50ca86d07d122bbecdd32bded35ed2b69ad1eea2be987bac5325a662cc7b93,990
1c7fba290e3443b5fda4602e6809ef53af58aa09e8e1f32127f70f4b7af3edc0,821
1c82f45e35f20598707aa0d38e8aa2f64ad890fc06fb89c03d161df581c6aba8,722
1cce7a1f7cfd387cb51fa873c80242b09a13eeac53b93adc074e83733aad7910,1012
1cd5d757316e73c49a7e83102516859577d85d7e5b79abf005761f3406696f1a,922
1d5b2463ecd629ecb3dfb16110559cf0f67514073f29426cf4b429e4eb655eec,1036
1d9861f8e7fb45e046c046bb48b483ca627d7e596490b89452bed0046cedc3e0,695
1da0597927b412d151d42b3b99ed1aa041e29949531391684deba736d8bb1f2e,365
1e0a1553db49684094e55364daf34daba9137c9473018f4dbd8d4a07fecb99e3,1128
1e1c10959b413765a0681aa81ffc635000348c8f5718bb6c565f0e999f3b2ae7,45
1e4cc980b9cb5aebb5c03af26743119668c665020d5f3de0917a6b0932bcedd7,982
1e6be47ff0bd0b25a6672dbef09319e119abc78a5fd896716fe6c019f9b41e95,574
1e914b5d6101f5c5885aea1c807c46fa32e4245cd4e817355dc2cbcecb513e0d,1171
1eca27a1e05c77736d1ed85324bc52cbd50e9e69a7bee45d9c14d22b9405c880,62
1ff791618dc0ecc2fce008d828e99a3ffde5174d347fc1a962bbc0d633c98cc9,116
202e338b1c704c37daaa2df8629e8df48100bfd1b04af7730dacba841a724909,114
20578fbecc1e3d3dd44185ccbcce02645258dea4c43a20061fdb98af077a7c15,911
20a18a3b26f1cfbb96b75b0c6c480638a5a39d6bea3a06b350bb52a098c87c31,937
20c37a7c6e34f7ad60656c9cbb4c655f03df745ee49e98c5e0d6b7746c0ffe00,873
20d1ba0b0a84f5ad295a36a93acab3ca5fb3a0b6e742abacc1dfb5514365843e,349
211775ec7af5538cbc3c0c5b7fc835605afd9a09f33828842c7a57004b6886ba,220
21271ff91d6388f39b168af8e0845c35d059263943f71afa801b99c4dbc60536,882
2127c07f2894b0915f71029d670a6b4366fb2cf0de85b3f6ba8a56a017c0d84b,1040
215902c19c05b4361871a2e6656a6ffef1804b7b50ff4cec45437c2b310baf4a,674
224cff4522f699e0495e487b2ac7bc91e9da316b85a8ad913838c580c435d25c,544
22741132ae96830f612568073533a4a754300364ddc9c8241b70028d9e016e4e,1003
22828b835c7526d46a6f550dbc797222efbc893345fc297497db1abc6652f96e,606
22b80aa56a14012e74e80ddc9086f20ce626406663577e11ef8c6354b8a36efc,570
2355e75cedd6275824ee1af4436eed84bc0fffe7af886e10df45056779e30568,1087
237b0c00a24e619cc64d80439f5467c2119e2f1b88ec907ac1069c764d77a875,473
23b325f58692cfbf0966e8361190bebb62c9a7ed24522e198a9a663891fe8d32,519
240871f483ebd563158fd979a97247f5dfda119828cd257bab577c8f815f245b,488
24107d88cb78b84aecfc26d84e9066f746e962860c37221f61027946435e8364,769
2438e9b79136ac3b5f5f2391fe34496a13ede69265a3cc394d3b3b07c1d7bb74,18
24ea4037845b288fdd75aa400f66fa9d483a1ab4e256de2f84cb75b7e70569f2,1055
2543cefe2013ff1c1aeaa9fe8d3f7f0f70229543895953066b9f195f6537c20a,509
257854a2203666336133fbbe51cef92a5f21784c114cdfc61dc203db587bf270,1071
257a6e4c70efa7712ebd7069d5f49e90c4d3eda373639f414e74f4b632264500,1160
25bf97a68f6af6e41174235c821d96da7bedb00fc5f47b81c12a189b018ad86c,567
25c2673f097a54799f14e69e28b5456405f9d1c06216913a3a9500d396782d75,1017
25f1d830fbf2778e23ff3e9d61956ca730d276dd95df9175c60b13308f2f02b7,337
26207a992db0e6e02e2dded5722453d34e0d3812733b9dce33a0ee04f58867c8,274
263643bf7f6770cdccd7d3ab98daec061d9a931f73a1f9ce1a417574e8cefa49,856
2689fc217a7cbaff9c58d04463ccae8d5ac879bdc586f7bc97dad2261bdf1d18,610
2698d6bdb9a281d7379d90d5f70214025c0bfebb22411e871063c179c5d741af,752
26c8f33f84f97bf0a16459f499c4f5e7d2bb587cd3e18c417700bc4e18cbe87e,177
26d5d388b9ca8f5147b5a69d99bb9d5ea545d4c02aed11288efa6a6731708378,1129
26f0e47b67694d9fa844c841788d17fdd13ead7144b22ab05907a24f8056f903,1127
27f51570bf88183f30208c308cba1dad15462b093801c496045da92fd1417761,295
285964efe9be909e2fab25d078647dd85110c06d54cd129240b824c5394df5dc,801
28d3354be0f8c7cde9c75352c68f6fd8834b352c4bda85699f10b64bf0b17a8c,1065
29044953a74859ca00e4a200b4568ffcf2b8864e0c916dec05add4acd2d254ce,390
290dc8b28e361ee46ac6a2f7bb01018f23653b7a99d4160f89bd1bfe0ecd11da,424
2974953dcec872fa39176951faa126a3fc9b0deee3f536ebd15e4fe8bfc93c2b,196
29a4eee992133226eca208d9546f1aedea3bd9fd330a1e0b66385041d2b62f73,1009
2a0ddcc360cfee586cac73f629f2e51a30c592c4b3ab714239d98b845f19d787,632
2a3c2b9e129bf8aaffa81017f4cd2ecad394a53108763882acf40f9d2495f285,885
2a4359c1585064f7203320c58897b28816c968f8da4819d65df7133536b9f500,1154
2a505bfd161c6af91914a31f17f8a075938381c1afd69da6cadc84b8e49eab2b,312
2ab36dd24dd356029091f925d82c79e1b1d51fc8fda1a8f292e274d2e3029141,1075
2acb5743b43621371fb954e60b14d734795df550bbc764705054eccbb48efb7c,642
2b7f84bb1554fe632693fb9623ecb4b19ebe36f22c805cf348e45956a1cc627a,27
2bdf53998ea4d885df8faf1ffb1b959732dd6461a01d66d38e3e000f98d50dda,521
2c3efd80f5ca0b76bea6f66f1bf32a4c66bfd62708f583706b96d11fcac24a0f,404
2cc8703e5a8d836ad04e119efe80fb208bcd27f2ee2b81183f4d1df203de1831,229
2ce0a9677093f80f47a455ba373e08b56fe0c02659af33e2e6a4dd8ffb40fb44,451
2d86494d2d3c0049dfc7a503d40244ae3db437f225de6ee43622f339b66274b0,1185
2db96e7e74b6c989d16d5fe785b49cba021364ed48c2eb71579220845648cf98,434
2dd3308d059a4e74971b7d17c5c3257c08c990627efe73c694c5e04aa60c7830,29
2e3ba490661ba6dc71bfb74c3757d2fc91db99b29d8558697630b9a5b87ff04c,19
2e910066ee57c28c619b48e0affefc27801288a0c1906ae339c07d20a3ba7ae6,837
2e960229d3ce886aab5bcba3b1b82351d8fee2ea70881b6d5312015d1677d601,894
2eeedb3ddabf0aff091cdaf3e2ce076bf9714bf0408ce25ab597e1dccbe79c55,449
2ef81cc91dda79001d71406c3729909b0550d040e4cb4e1331c8cba0e5748a2c,1010
2f092d5db08e5c1b5202de0bc4b9e8ccf14732737da76982829b48e9ebc44a6a,568
2f732247d3ccbe6f9370d3e471ccd5cb9bc41b43aa64b7d2e7fa40cd9a5d3307,115
2f86998cc9e01cb65015d88f7a4b31e9a17332b9292dd1c6fe94b50dcb5a4604,651
2fa4e304d0a24c64d1ae65d8c1be836986bf6378e702226d7476c097519261ab,338
2fbaa6e441eb5b4c583005644c72aafa38ae64171fcd2eafdd60043b248281a4,812
2ffbd10a1ce6100396a6f8d2be971d65e7d40e353d9a9a97ad3d96c23cdf15fb,586
2ffc49c72c81c8020a942a40c386b605dd32734bba241b58199bf5acdae5a7f9,542
307630d9babf4eb0bd694e13f1d3387a64769e0b61a98cc82571505c5992b50e,1035
307727383b6b4ad4133f085b6d4c954fcda5ce2bffbf88f02264b7b780d6c640,1100
30ac1a58d9e062c77bfa8113183fcabe828322542752e1ab6b313b952ccfc9cf,666
314ae3e14110a2f2631df7b74b5203931f5158341ed8decf515e220352ea3790,431
31725986eeaf269b6282b0e93d5dfadb8a4a08b14831d6605e54c9ba8c946681,476
31977baa4cd5796c73755790fd063c2f887fb6c13efbe8833adaf05d9177e5e9,402
31b132db1e605fe30c0fc9b7722f8c82170365815329eac7d03ba0756d3bcdbe,1196
31bd05ced2c56f570fcab432f473941968e13e4b985bbc9e15383cac56042563,418
31f6f6c612aae7d4f29dbdbd21120deb8b29ebab333487f3626ab36abac033e3,240
321ff5454a68381bfb9da5266c238b05666923171972257d94c1892ebf6e0b9f,1179
3223702d9f403a65e25bf874828abe5348b4c9e4e581d031ade1e3a80ca5bcbc,185
323021036ed1d0b7ce514527e82e7789fde79c57a9f2a17f60cc4511dbbeb29c,895
32cbdac2e7186b20c67d6ad23a5521fa67d9150a98bc08d0bc1c2ca0e6a54dec,627
32d27ccb17f5ef92116238388b6d884ac6948dcfb9bf35745ad76d690547ab0f,413
32f190018b9edda197388f2a7f1b102bba9b31f84157f8e3827ffb5408ee7a97,88
3370f0716241e65fe4f44735d8fab826cbfe91e7c88ab4588e587682f181961c,643
33d5226774fc19d6906c95053f30d610d059f1bf560d0afd2cfcf8383b8d6e5e,447
34066684e331ce6c8eed50b81849742ba9d29390d148764da2e0892aee796f91,677
342f7ca11c825871da189581aee4cf67225d6cadb7cf7b1d69b6c7e6dc1d9b1c,67
3440cc3221766ccb3f56a8437feed311101b8637bdbc8229a7a4f28526d74320,319
3454000d2666255e791b696311429ee2fc3633a43b29dc207898a460c8141273,945
3473395bf4230ea9241688c06c623932e928a4df161bda76fa55db88e5453208,579
361caefcb44921eac36c9845b27e532de38f7e9e7823057464a242d91cfef3b4,446
36293da9f4c474d25aea1af025b4ed7a29f64857e4783198df84bc330ed83542,411
36305e4c25580ffcab251e337b8a590922a877571e50968f6cffddc4a4e0d0b7,405
3637f795b29514432343dbd66cf3f605efcdb6f51b6a5e2e74d8d4e64ab83738,569
365d0367b1c42441277ea0802c911226af410c377d1e980b62deb2b826264664,1019
36e83c28be0cdb370e8ad7cad62a9b9631a15796e817fd2291f84fee06fdd5c1,777
36f96eb2ead0a8762f406454eba191070052d4b2632d32526f3f9e3c3bbc5a40,278
370d6f2e03feb12bb6ce0e084e996594ccf8957ef36642cf81f7d3338bb01297,964
374a4a52ea3e492583d2d242d9bf6e154e6aee3606f97d101f0bc91fc0a0dc12,482
37846813944d339422d136affc0cafedad0bcfad248c086ae5524cfbfd58d93f,127
37c5e8c3ceb98fe3299b84a8376000628eef96e6afe624d289bfea74b8cb8585,415
37c6f482e9351ecc9889a051f3ccfd1cd995ec8186c35bddc1abf5636ce7ada0,202
37feb6ddbba9827e64babef9ada6339d265eb15d24beb2478bacac919acbd3b9,604
382c64660dc824a4fbaf2489ce4571618b98689ec234211ef0d8a54285e6294d,948
384fb31995170c5f14c5f7542baa47a19f461a6a31de444e71ef4e94febd952f,738
3876dd37e8789f6032e91edaaf13b054719af915e8c6f97b0e2e1cebdd891714,152
388eefc08ad7fd97889cfa2069ac2d56bc859074ca66a8fd8a4a4c04e0555606,1037
3892936fe3bb5f3ba4599f9bb11d075ef260d19259f562958dc0a90711ffaafd,669
38da0192e6c204426cc2afb25103f44b94612137d989c201f8a8a46c447d0c62,1190
38f5eea3ea20310a9f55b338f1ab3f1e4959350c7c5555b216accf6553878927,946
395f4bdce97b51891820f0ea8a97dcbebd1b5afaa0d15008f430fe77e7c4a158,181
3a0589af01ff36db5318a9c86de6d4b64edbf4641d9ca5abcb5be391a56cd50a,929
3a2a78600c005887675ce65dceb3e08d657818e3efc4d837fdafc55691d267b1,293
3aadafb29a4bff4c3c1e962ccfe971e9844d4e9e6c1ffd053b42cc9e8d4a7f77,210
3b05e695a02e04acfa019a6201c8ee15ef7422e6b1810ec21beb3df199c890f7,891
3b207843109d21af6a26841ebfbca7a2477d8edccb6e67ae010e5f59802d6b8c,465
3beb9f61f32eef177d20ba0a112f4e9337966227672022e0b442bda587326354,589
3cefa9d3319573984b8f7940ac755f1f93560434c51c1d4943782c33b041d14c,209
3d48087536f41dc00ffade549a24e3555b5effb3daf8ee4ca6ea88d00c40d9bb,245
3d50723919520e40ad0cbc2c705b0f841338b4482ee7e7f192c79e74a36dd270,612
3d7c2038d00f3c6913c38e0eb45cc0f52a91dc7916ee15cc96835a6ba75d9bae,636
3d90341540199eceeee6c15291ee034b9086123515c0536be418f8ddc8a605a2,294
3da5e4f1b78b8813ec13b73224b3cd8240776791d5a7ee89296aa6837cca98ed,741
3dbf745f582bdddafbc29ed85eeb5762fb5e5689ef7265201cef8fa55762b366,87
3e9556bef1a694ce82917054375f6f9f9b0c66d1b8cd993b39e6e088218908fb,884
3f1a843efc74eaf4d2957fc2af1a4aaddcad84b6a44d38a7c2352be3067411d6,532
3f2412ae08e00205f38f46368ecb85a0afb4ebbf049a112a0d0a8261aaed77f9,1103
3f4c30c8f19a72ab124fb25775dfb6fba62fe5c9b028271a0982a7e8a64c892c,949
3f6bd9879f855e59daac987178bba75d13e6baaeb6c3b8a441ab9fd3a655197d,474
3fcaf8d026427d08ed0da0ba2f173a779f3bc2a0c23b188fc5ffcdbfe168c72f,1125
3feb10fb0488f8b5b16e951909f5265f6f4e3ad51e560e35f72d9ee5f8df751f,40
401e857a6766a62c8a3dca4de4bc061647d853c5417dc7573007753809b94589,533
40fe90110bf1e5886d31cfc6d65862db0b32372ec07c8fa288a72f8c8c2314df,354
4136cb25c2e81e26ed744cdeb47ac5de626a1cc07681b7b9c8568d5b77cead1b,469
4137645b1c441ecce4b08af7a43c14b47cf72b7dfb4eb22fe93f76b2275f6287,736
4145ee1512f377eafdc99460570ad9ba817a18ba7dcfd94331473886ac7a4625,972
41685f7afb4b37f4dfb5d88220ce61ee64c4589a0e4861155bb9ba1324ad4e67,718
41ce60c3b74b6114c6382f7594c7565bb26e8d6db699d6f02c31c02dd41e30a8,432
42032cf24f3e2b89683c763e5352907eaac1cc6f0d67c967741384aa0a2e14d5,1184
421f61107680aa577b23bbeb6a27e6a00fbdf2ea95f20a22fbcefc973532f1ec,1148
4235046eda66438a75ac2828070cb43e4754911165dea1c3c0cc26b5ea55e006,305
429692f973f344a5ac5a0ba857e34c4b9cdb6bcb8c6eb9cbade1a18e24dfbcc0,249
433b8b9ad597bcc1acab6fa67669f94c08d25e9a33150270a3aeab95c9581665,971
43ebb7f476d50cc2987f7323b4a6635502dc52d3726d49a68f3c5633f4fad6d1,881
43f41293aef661754c18acbe83633c87b5c2230693ca867fe0b0a1eba6a7e541,877
4418240ec4559d8e8806ef2bd1f60e3e22d49f00fa9c355a9d0e5e4000fa652d,727
4460f05b7413ccf1a2abf5bd292cdec37bf1015bb4f706878b6d748ae6d72e3a,927
446debd3b0559874386be19c7bd444a15ad86b3b9ce661ba7e79f5a205c2c04b,55
449baa6c6ad3a852f73069d3f2e53218ed9444844ec03951d5548f54e37244c3,17
44a7c056a010c6a62a06e3a7f7cc9563537f7b42c9e5293b92c3c9d6e13c0b0a,437
44c1565bcc1e6fb6e06d420332c0642dc251ebbc56975215260706515d1f995b,504
4518ea0041bfc96faa0ca8db1fd4fd2813b42a449bebdd70b4530290611033af,1101
454e3e06dd50c658b115e07cf1778a75da7af345a5f87704529f0495850cc9d3,128
45a736c358a089d75575ae6da9ec1594b284d08656e06c7c3d4bea4b83d375f5,1079
461e5e000b5f83e961556500ded4f4d42e51901589914bee86f93d547fba7b9c,508
46965ca98c8c686d05b79bf80c32eb5152f3fae25c9f3af0f2a10c51dc88e9f0,538
46fa3cc52a92983b28fa0919042eae24fb0628b88cf4c3c242570a591bc061a0,635
46fec21879d1439034b6a0b025326b0e55afdb007136d6778e3ff3486e27f80c,311
4750936b6867f89566f370b70bdf15b53a82787039fff28c5e7dbf21fe49f3ce,288
47535949f8620940f80d9d03de5b427564fbbfb3d09871e839f5c336f5e5c276,547
475dd1351df05b9ac1f56148c7211a02ce99f9bd4fbac717eaf7c3abc6f4bbb5,582
477049849dfb8a870a669c5434f16a05dbffbd8d0d129537f03a56200854e6d9,679
477e630715c45cfe821204b89bcf2a26c2113b323384287375979c307343735d,706
4797e85edc3209782632071f1fa79220c0b73dd1ee609d85530cd395af1e797c,459
47ce5d0c96fdb06f7432185ec8d398d695fbadeb8530a5602731002ea1c05bf9,193
47e932b17588d7f544d8e3c8cf4bbe1c68eb92046b596056371508b04c6029a6,1070
4857c8a7439575de10316432d8a55d1ee25e7c457695eef8fd5b7db1af08f38c,584
48768a16d1eaa29676caea0532db5cd885136ad9be68ecc25e33ab58abe912d3,1187
488f0d0d984c4135bdf2b9946b2f25321ff369b4f11bc12ce653c5dd804baac0,518
48a1c7921dca7c146a74af6ab8fed365d4733878ba0557fef49ac728cf2bea6c,646
48d5ea4b0d62b218ddc155dcf3f3c04feb942f09d04eb7e3ad21c9fae57563ac,211
48e8517608e0bce1a3181f102c52fdd163f1f8fc83f947fd3521b48c16976f89,1158
4912eba965d7ce9eb373dd8cf8dc8d8ad1d4391730ac9a74dc2355490cd7b4ed,370
49424837e91bb72184b39036939b107c8eae056fd5d2335a19d1277b548b387d,794
49509cd73a2e1b88f0a1f047435d475862cd4f59602706627d84f524a1496517,705
497558b60b167d985e52e82c665b4826fce29b9f39c64040930eb68034fe58a8,818
497c40260c7dcf3ff22a0b973d5e0cd1e47bd3885c3129595afbf8c59f8913df,140
49b9099a5097546898378f3db9d7dd6e83b5f559e08774182ec39c4e0d91176c,6
49e6f12bea7b4bb8594e17b67f445a7946948c4958f4558adcd3107b7995ccda,340
49f5280023a49e26a94dc34e2db884876c2352d1e0fbfcce3dba5deb3c5b7916,54
4a31f154e670e72e0573b697416c4e0d87c4f835402139189c905303fed9bc77,478
4ad1af7da5dec55e8e071a08f6620eabdee67aa05bec8a3b256d0de0e626990a,1049
4b3f2da549cce4d0bccacd4e9a162faccbe9ed399adf1cdf6ce8e6a2d51a112e,757
4b6ca02c9a2b9eb6a71c387a2f518564e92e6a95c78aaf0dc88626f9b62c11f4,808
4b938590ae7f8f97d79feced0ac0e5d36d337e5bcd95d6e04153b2893f67f4b5,391
4b99e59399fd7b59ecd265f527f5ff76c79a0b9338ea9c626954c3aad098cf89,974
4bf404e869a8808eeffdee31e5c613dcf613b81f097d495816770d1bcae988a6,408
4bf5321f10590be641bbd4388037de88e0acbc5f6ae2a20deffb4f048e63c2f1,966
4c70c09c6dc965a944deeeaa5415f698894ae871d1dfd5cdab0260fda232f2fb,247
4d2972d7a5028a9b91dcab33004513a0d670f56e83e3b14b9efc339c37a3efd0,865
4de0e425e4fe009d58cae8a86d861c43a04b007f4f70826e2b6ddc535900bbc2,720
4e2d071f7478737b58a079401b3045e66c578741f6576457b505b92898de4555,908
4e47e0369cb17d8a71b9bc3291ee44cb38ceae46198cfc6d49b5d135a71a97c2,541
4e482af7a3f423dc70521de37934bb2103fa69f38e64dbe0549119cd98fd38bc,1096
4ea5baa912e99184d5c7a625c638287aba84c61ab5a73a2ec01cb9d94f89afa5,11
4ec6a7f536c1e8e86f2f8ae86e7c158a1589e4a2e5f8edde31b32324fad795a2,141
4f3c810df7227dd7463ae9686ba4e0421e7cc65899bd9d2a08bc5e5687a089d0,303
4f40040ec535002aa6372cc3def886d3560f6e5ab76fd1a295f834becbed226e,213
4f56427a50213bc824e8cc85fcf93fc8ade5a8307248231024968c3fc848a977,452
4f91e3a03ffbdf595083e4e8a232baa35256b0f6039bf52e795ecfcfbd716dd8,1072
4fa2a73d0c35c5bf16d3e56fa5ee101542e3d4a2909bbb1b09e9799556ffbf28,1090
503e4a3d98cbf7a588c768fef9251a8291de8901ea17cbaf1d6511c4816626ff,256
50cc494c5bc53391e004133e7b7ea9bb35bd302121f2b5918212395c7f6afc4c,1077
50de17b1d5a4cf71b8985fd3afc49ff0bb6587069a473489b9a0cf6b8a8587a8,334
5124c481cb42142e62dd2da35f4b3e4c8c46643ef2231665c20d1e4fcd67689f,43
514517bcf2d263af39b7cdb8b949ca0d1ccdba32644ff87ee53dec4348c930f9,609
51e7def7a79d599bade07b14ce6964e8c5a80a93f56399cb54d676813ee18118,661
520e0d9ed73881d9f34cf232d0d80a5690b98bc319bff0ba103035d9fc83b089,1008
52515a2de2e6093a52398c677be88554df8e92db128879639d27c6a738a49641,989
52585776ad73c1283d96547b7117813a69a49be7e94ebd058c52cd856059fe29,260
528b7b09a42ad7409cd4620a318a7de249897ab53a02980713299a13664cc10e,693
529060830034902e71ac4706dd214c1c71dafd311b9d5db1aa5cdbb610a2ce62,552
535a7b373e403e7e9234a5b740ca897bcad00437510555730cb953fbda9c4368,172
5361e564bcfe7cf2475cc38dd25eff7783e43be1f5208a3ca8cb67c6760c3207,269
53623b9ec680055b6290418f6108739719d0da187033b2fc0a7d4fe74b7abe1a,368
53713b9d84b5090285014b227fb714cd27b4451820e3a0e11ce5e68d1dc48a41,1146
537752c1a096f6a5b6a4aceeb7d737a255d763eb417af56eaba7df4641875634,1174
53b1d1431e5929cf5c60f5683ffbd672a09e0c3ad4a818a2ffd2344b4749cf9f,401
53d89cd2f3f9a30b58b6779c8679a70ec3790afc9dc9bd05de329136fb7e4cc6,842
541be0cab326e09c15fe07b18a5884b0e19eb17c51d347ef7e92903f95ad3a6a,499
542f050e956b20eeaa3a87c99b202534a1f9101bd0651151701c17fd17ba2563,1044
5457a90baf543bfc311682d70ada6eab604036769e11f79ae04f36c3eb94af2e,355
5497ef9c2bc2e3d178dbf53c72cb67128a07d5fcbcfbfbfa274ecff2a8c13ab7,599
54b8bf4a87f9f97f8e6e22ac518f61d7875cb7b871d01edadf8c367a7df8a8c3,163
54e1fc6385780ff2116538639bed38a3d961e4bbc590fa3a5f4764f4b5bbbffe,629
55a2373fcdc1387914b75e9ed051a6f25c7888f94018f5c0768dc444a8db92c5,161
55a39a476f683380381afdfef340f9b8de04566c79cf67d9ff836760f57b743b,164
55beec79a488cb2c6b1f3ec650ad5ac40bba5e201eccdacbc5b81d720923c3cf,421
565c75b6784575c42cd369e900b852173542df40864775fdefb62d84996e0c4f,607
5670c6ab6883db1f2762b76a1bc8a3d985f6bcfb873caed34973c9d954cefbef,834
56e2c8779f589d5ea3bf75a31498cc07d0aa5085c9333190f1e4af104c808d83,37
5738d17431a5169ae9deba117502b2887790e6252560915122f24664c93cf114,14
576b4f4ac6d45e9a613bfc5207dcc4ac9a0cd2931200034702a0fea377ff94e8,254
57a8920640ab7d62a775cf94a06f8ff4aa107bf72d280b877756f4ca9c436060,106
5800a6976632af20d9ae2be82f9570ab0d97ed332cf64c7fec3ef158209176d2,197
585e21ecfde3c423c9c0a9f876ba73473830c32319a2fffaab45ff168244e853,485
58f5d26928f1872d609c40c088cb18a9157ca232968495c75ceacc456ea8e2ec,867
5967182715490575403ab975a39a2438829366e927abad175ee279da4f450f71,968
5a0ee45f5655084aa500904eff4485aaafa156d3a1e4fef6526d76ab07c2fcc0,696
5a2c1a2535f2889079538a4e720ac07fb7f5e247bd024a81ef941f2bdbc3b697,765
5a31bb5a6d46a0b24aaf848cff8a320d780c1b614eebcbfa9a767874be23b69d,129
5a540057856708f597844e6519a28297c6b68e0475ca83fa52b6538cabb2a950,1097
5a73c5c55840d0d6922ecfc0bcdc398de9baff2c3386fbf8fd0d570863d5d39a,315
5afec58486837fcacfde0445f1c2705824427fa8a0c2a8f8447be73d55566084,531
5b03438f9d4a5634b41e32289893917a4f55f7e1a108787a1e01cf152d4e973c,1011
5b68938d43904c8915ba854fa9340721bdd01e1294e7e8875b51b41930805965,505
5b855b9dc90b104f288079282de842fb50bad39adb61f0a59ebc3490634f9e2a,399
5b92501ff6ecd6985083787e6172a6c0d51dabbd19e380c9da20caf6a968e228,563
5bc0abe418bdea6d1e44ad514a830f20682f18491e246eb270b86394d9bfe9ec,1176
5bcf8220611934b6a943e18754e775fc49ed72af57bc74acfc89fb93feba4be4,170
5c090c66e8a7f36d7432c3f520e2d4fc0914e9941440a818ed91fa65fec60032,843
5c2df04cd702953167c9db62d4ca26b06a38ff5f0726bfd4ba86fd31fff8f77e,848
5c529cd7523d8ecae6ab518bad6b68b2e1c62c00f563a32b574e95d1ee039f30,206
5c574ff18232e2f8e978ab86d51b802b7cec5319b2fd43fc0d191704c8086b68,1007
5ca1ad3baae14bdf40491c8b0cc0f720d4ea335472d377bc2259c8d1e19254fe,978
5ca2250c327df69d3eebf3a12c8d1eb572a6b42fdfe34ec15dcaf9be9c7fb9e6,880
5ca60725630d00b87691890dd25de7967ad1b655f8122f27896cd0f09f10716a,502
5cc366cf7da74e8513e067226d3800bad353b7ccdf67bcbb4422522b3e302ad5,135
5cc41551380e540eff83a5a134c661890ccfa26b9d6a47d7b13de5d5bd90ca04,983
5da3ad8aef37a07d0f09e42ee6e06df8b515a7c203c129061a7d790558a34357,335
5dc7348e926c557527370c3ec6ecae636721bdbb79c9b89b513e8bd0ad3758c6,747
5dd8966d4e2e0bad4950503e29eea0c5e54015819d0e8e0d0f2c13d9808909d8,988
5e1b14ad5708ccf6245d89f4c44322d9dd550b0874af189048def28038e29011,1139
5e5c3b9952f805c8ba90b2d3147721667589ddc7743b50f21c02107fb1e3c75c,436
5ef34fc15e8dfe9dba8cb4a99a1666eeeb3dce13d5911569bc7fb8c6131ba527,266
5ef46c80bf14e7a9b7ac3d8e67394ec5ee780c15d26bcb814853dc3ef8fadf8d,176
5f2a215d5751d0035f00d13a109a6cea979f6f942a9b49f95a64e70bb8f590a8,633
5fa7fb51934304379fb035ac434a7ffc879281acd3b5bf12593e87edb0b3e4d3,558
5fc209b7a38732c6a1c85524bbe7d147aa5453f0f83ad27bf2bd2695f69a66f5,887
600bf02ba4e778234c061ec0429f19afcf61a32809addcb86b17065858e493c5,566
6084f089d8352577628b336dfbad7201e24438e1211233fdefae75a31e0bb1e3,323
60c48d5dfbbcbdf7c6d823197e76116c62d5ceb9ae7a9175fe29be2fe0979b20,913
60d10196a303dcc929063cfe35e8d2af86feb14225e37671a64b0d7e08b48df9,388
60ebab4d8ef68fa949bbbfbe736f3984552cb311003799997295b30b75b0b71c,868
61371b499fbba89ae7353816d11b16566f18e7db33f774c9399683ce90ac681c,878
61503b16f440d4e666c823c7d297beee13a32a20e87a2115acf8d840f21fe3fe,605
6165ab921f7b2f0bef51c81878de5253377b087acbdfe4040692a8645257c9a8,1136
616a8055404c71cb649407f29083fd154d0d620dd2803d9dd17fa782bac6f70a,870
61ae3dd19aa07a16a337b6b969947e824acb6a8d82c680fbbf9470aeb988011e,781
61c437dbc4976f54f727239d005bba3d72507e162f7ce8ce595bbb3a5a08d9a5,149
61f9f6a59d9213c362b72f75ac262d8e96661f44ea6cf3584d906fab9f079ad9,76
6260f4866ba486d1e9bb93540e09671919d9d69836e8fc2af850c0a70446b75c,792
6282fa30b69e005d06f578095cf844917626e86fdffa5c6d0a6a4334440a4138,433
62e37050caba81369c1ddbff69a2c4ab1670bd7fb2c925e60b5b3824643a3ca6,832
62f1e0c8ea195222215a411c50f574951fb1671f70ebc8c51f126ba4b310a946,1195
62f205a4cdca6e8276aa077af51c68ac02fb27ac6dc99f360036c739c5a33c27,1107
630311a4b1ff6293f5374face619f0e66b546981057bec29b80bf4534fe85f8a,730
6306183d57fe99c7bfe7a09f92c32b8e2f7b0f29841dfad0501efc48d6be6821,464
635820135dd283125f58b39433339fa625f19a6bdffc19b12f84af027dcac8f6,392
6372a48a21caf9a2334ebcfa8b9d57883296f38c6166c61cfc477f9d4e2a081f,1183
63ee7ec93a5a3684ec115302a7a55b2618b7f96143aef85f0862c798bb0bd455,1089
6442a0721d2ce7c386a4a8d0b6833283d08994b3ef0870ce7325b001c1c0d3db,453
6462aabda91115881638549a6c026531c8dbc5a79cf26abfe02977f2acc91beb,205
64704675639a758d485cd15af61df5a13d6ce19d25777401544927bc23401d32,480
64bcc53005b29da6e638fff6d352ea0072edc0079e534e9f6e0baf3684f25cb9,900
64ed2af15dcdf620b9ade1bd99b61c63df51a2841a393ece2db6a59b3361b553,1031
64f4fbccbfaf89be5ba89b698a9d6a23b33ff42c426c9ef67d889f51b0709045,420
6525b614ae30ae5b0e179169d9d8c6a1ae7b3f690877cdc28c94f7c65fad02df,770
65292e0e2fefb11878b6f29ad008781271a32340e89dafb4ffec733df003f9d9,960
65d64233b34891b0c7e2b4ab70f7bb8cc79ead30307669156e2040875140771d,180
65f81b8a5a5d96c5be59cfeb0da0eddb00b046cc536809229672547bac977432,359
664105f4b32f1e5819583a4e236f78d61bf22de34f00ca212a608b33a7f2dc47,714
66c34e754826034c73ab49c5689452f83f9dc8e9e1f3172cd49dfaa6e81d111a,461
66d0a937c7c213d2cb7a48181ed678a565306968a7c18180a34773093c22b1e6,183
681e3f2103232dd75815460ad1561bf4672b9f34b391fbe19459041ae48b593e,576
687bf62af09baf2880c67fa1cbca60e91d1983db0978b9e0cf9733d8cc7727f1,298
68d0fe5e9e678f71cff405e32121bf33f86249f73f6b769828535693c497f3fb,522
692a5983143a672de147eea45f019e82e07088d03c0e71471623bcb07ca25486,647
692e14d8b5e69166e02ab154b56002a31580baec235658a69056a774f9874bfb,81
695886e98dfa8febad06a1859c201e8a5f84ec5d75402fd9d296ef880362ac96,1115
696938f48fd14d188e322cdd2e0e9417bafbd08583e48507d3805b4badde53c1,138
69869dada0955b62efbdc7e18892e109a21f37430ec0c0b4901e4837e5a88df9,841
6a43fa9354f03b7e9a4364b458bdf695e04cc2cf3c5dd01c58200bccd2041c13,239
6a913d9c80d1dd9c5da2ba34c2ffd4946f036695e15982c4482f93e7b84ae119,959
6a9a408461189b40d02b62831167adb2740e7b2f725b393829635547c1f73224,191
6aa52173292c31e8c99b867aba0f53a5fcf91314d30363d38f028edac6980326,407
6aa630f933ba01640cad511c7dea3a73efa3d43bc3221de71a1a392c60d9fd43,703
6acb06d5d3c4e12b09bd60c5690c35d595e1e521e01ceb937080560dc2b311df,593
6b2d40899a69256fbd73e69f69f16464f9fe7ce9465696c755492ce3a1ee8bf8,1025
6b74d13550e6f77a38a87ba177996c12504a80eba0c1f62d42f308c2ec7c6071,1069
6b8e5efe5ecd684171daf29cee60def27d3ca0c1c358b74a030235b118623a2d,564
6bcc9f1675b17931c84249b611ac301a37299619d92f46d6ee7ae8dbba880cfe,712
6bd38a7e42193e6dee1a6957ae58cf78e789ffe36943be70e8e7424c4bea0ed8,118
6be2e7fd9b3b037bf734dd7862f6670a70f68dd68103a9f47318987878f5af85,455
6c05837c22979f0acd60c360f509643d829508612db04ec315c618c478dd7dcd,1155
6c27caf6b2ef30e22da9ca493d2c3737c8f009e118f23245c1496fed68a35d47,419
6c457fea01d93acbdf09b00370e5d3f6e512bdcadd7c516f5edfe8c7d5a7036a,997
6cf1d3a114dc9bef933d11cf64f513b6d0c1db4f46da3a8ee746d4bd219a0a51,121
6d0136e177ef38fdfd0fd0e496014383ed3fc1e1a8ea1f524068c3b44e87c965,789
6d3b27090a5923941567b329de25187af01b4c56739090f5f0c45ffcd08734d3,416
6d61427244ac2b726542d22898f0e0c7ea93ee1065a6085ab52cc205935285f9,626
6dab6bad44efeeff35fcd73795a248c74f0de597f4626a0f083b2deea60e9cf7,344
6db782d6c76d0aff7e2388b05b12506e0ad754e7f44100a48d6fdc756ecd9178,0
6ece3c96e7f035a032e6629844836e0c6a73f51d7b638fe68ab31dd38b391ef2,154
6f83eda3496db8f6af3326e26155cda51e15d846b798e2ecb889014ae308ada5,1182
6fd2d489d123a50b37598e2cfc664d3be13b30080794878cedcbad96443774bb,85
7041b43b77e99308f91f1e3946e7c714257566d56cc36dcd43d46cd74837dc2e,282
7045ba6a1d8fb372c9c2c8d3dad1531d42362f408c13bbacb4c4c52438e4711b,155
705b427d84a26418ef618473b00ef4f5efc848e01414fcb0cc76877469d04f05,280
70c6970c5014c09986d92ef3be7522d27a6089740d1b75de4a0b2fc780874ba5,458
70ca08afc1f487da29030e8335427c5aed709558e68f16d7a327763e24f92f2a,262
70d0ae88d6f060166f805fdc2597c5517504d10308873ced4e1dc73d8330a7a7,1023
710dd2e57487e39f6ceb46425ad541332f64e8be3bad8282628aab689367ada2,973
712369805b79fa5468bf14784443e48821689f340216e8b82b5cdece0294ddf7,341
71bfb11935ab51ee179e013c1b19fda5fcb257d96e0e811244a8e761bb164aa8,124
71d5f94e5b976acddcf0d21ba4cb2c1787c5dbbdebfc7dec37425be87f817683,717
72687b42cb2091a5ccb314e038ad3996f6ee1b0fd8c0333d2d4f4b910758e07a,831
72a1c1ba838d63b46704b54e7e03c80b91e0d38d07ff58cc502a53bc2e40624f,553
73197fd7f534e5086f5c50524f3b59263af41b98a172d3abccc2dfbd6b0ee998,498
7322d7dc169d52085ffbc69baf22b8bfb73837e080f80b30915700f23dfea642,1134
7348dd58d20e5a736a0dff64f8678e20416213f2587930dff6f8ad582f916c9b,1002
7387837c6e1feeca98215ba09d4083a61ca324dec1de23f84e642d585998d4f1,131
7413c421ae50e2ee038f7c52ebf5bf1f1733aa637ac1c4430c7a1ebdf71f2c56,729
744fdcf10a6238f75341dbdd1fa7e55a9631f672fd46073173e87846772723ed,414
74a47b183d18862437e16bafcb31881f7967240ef5012ce4ca6706aa47bf53db,287
74e9dac4c814cf92beb9c2df5643be4a2ad6ba5d8fe25dbdb5281ab099d687fa,516
7538dd91e4164e1c8eecc09cc464cdc9891e8bf323612e73c545833a39a60a87,1060
7546acc5ba5243b67ff21a3cdbfdd1d7854399f9a27a1fcd906d1591effb5b72,1045
7592e4da4f035893b69bb5581f42a1f9c952315c230d057983f0f7923efe3370,168
759b1c14a7e81e650f825fb4cd0f1e3476d81c89d0b9a35b14f770fefe1c1573,524
75a23037997373af543648be68daf235cb020f6701e0550997b2435f954023e2,1144
75acb1109e6e6bee8716d9fc59d5231ce7e4df1b5d0fef1ad1ab3390cc00a369,5
75e979cfb6016414de248187ec5db7d0cd875ae305bc5ecb60df78a04c6d6f6a,1191
76d9c6cf007f02556911a9f5d57fb7f47dcf34cfa70e27f5e6e6063bc3f169cf,425
76e4f4cc61a0c72d789d86e088b3b77efe9bce73258447b984b526e39cbb59e5,935
77702a0b2bbc89a509e607d3b9857fc3c770b653225fdf4c8902845af3d18b41,785
77a09037242233d7fb18670731027349f5cfe73e20d35f3a88ab08a014ab5919,578
77a73751f66ac0489be1547dd12c2a5c84c080102f3c5b1fe6f216cd705ee670,698
7813488c996c9d15e9ad60a89a106c7b2f116ac7a0386decda074cf4ee53b23b,125
788040adb6b056d03731a7d7f6d4cb68d465e8bab5cc4490dabfecc254638a3a,1169
78b43f14f0a3067907e11db95cd3330a4d4411b3c41561ee29f53fd2599ba5b3,375
78d5e64d3c43ba050dc2b8772404d87692bf49518bca7786f80b1a7cda735822,1005
7915116c4d0d0dcddf8a1ba495bdc85505b592dd0e550233925f7b2ba94bc45b,58
792b26b2bea13eeabf370f62b7d8900dc55bb795e44193de3849d9b6180505be,1004
79cc39db74b312ede6a9ab3f9fc86d827a68bc9ab95aadd1089e0657c8ba5c49,79
79d15ea162c9c1f7179921ebe1748673dacd59c13d41d949b8f463687a01531f,423
79d8fb7eb4a22dd6131340efd0180372d19323a8b6a7130a40f992d72a292eb6,192
79e94ad56d31a7ce83f776f8a89e09e3bbafe68700d0c163d0e4cc076d9f84a2,1175
7a2ce9b8f9cf3db67314569a3136a1c30601649ff06cf11001f7cb8dddac5107,333
7a355f167ad3c73ab3d38328caeebd20cc58c795bb100d3a7c695278870f1755,23
7a47d1ea391810d7464d9ba7cbe65bac02c235f15ec82b35f9e8cc9b86d246db,951
7a62baed31c75b663699bf66ef049e6bfa2c7ce0540484ec6b11bc772ccdd61f,1186
7a7414e8430bf9a2e92a8a3686ea3a5ed2908c3f9e41ae6697b07c42604d53e9,540
7b16be1df5b892e4b59249256ecdf73c96129201bd94db24b7f3fe8dc0927ea2,686
7bd230229d970a6d15698bc683458b70b9c333687144298f67e9ec3917da0901,270
7c484600b3b29f7acbb9dbce49139a1e2846ac261e2b9d4e62599b94876cea68,1052
7c4fa079d2d2c7024ddf87ba93905480a1027150a6b4a1a61c78bba4dd58288a,691
7c55651de459a2b3886477b31b384a8b156684bf5e811e89dc49b09ce4351fa6,80
7c7c4016f717fef670c9d9e6ff76647c431786888cf322aafebf0bd2a9b28a36,203
7d417eb3dee83c7ad89318cdfdc03c19be40af7e1c6045a71255c37b9ee8c67e,1030
7d8a2b2084ed98e7d8dc3213984231c4c8f055b44f0957cfa2e8a1c26ec6e24a,809
7de36ff3e38a476f15362dfdf20ce83b5711faccb5e26b567426bc82f8de2d39,608
7e062f7d10c10fa33460954db93dd1862ef02d017d83a4d6b243048fa8ac39a3,304
7e2be3229c73a4c7b0ff336c7569ce290c8441756c29036b724dcfd832699d41,1197
7e4585df998e1789238657233f0b6322c7e681b7d87ef22ccc5df7f137cce337,299
7e70c034202bb32001bcedd95204e7622ae220d7eb3fc962012ea716943dc481,472
7eacedc043891db853ca4ad217c618af9cdbc915fcbd5b1446fa0b4336497df0,858
7ee0c5efbd76b2623f183a04acd99b320bc22477e7846a2fe2987cc82af09331,364
7eebfa7a1de3a3c218a1d8b497197c8836d6e7c6eafe5792cb682b89a81ce33f,165
7f0a2c6f740be511b4dfa8d2c28b2256f1325c7627e3069f9690f2cfd133c198,944
7f0b04a98b55c7cea18ffa8ae43628e87d07e5994d3cbd77f6d3e8e2796acfff,1027
7fae4e67d78cdf01eef8132a0b847904769f72eaac2bb6db8446f0433a594d25,530
7fdaac3dd65e21983101fc8106c7f42ac0fc23ffa6562fd46d915c4955f4514a,467
7fde4a39966d81d721429dfe13c09d9ffd31007b9409e8a6e69bfaf37ac4946c,350
7ff99d066fe04c39634a6426804449a16ecc3e5391952bb23ae3b48331f6bf0d,655
7ffd7c40a32dc7a6f6171910df06dce17bbef0e9840332072798b95106777e91,158
80011efe9cb8fb78f647ad691969741f936d82350a753b2e097a64f73ec657cf,562
801ae2dc382e49230587f50d27c316cf4205fc014c99daa3844d6279215a3ae0,804
80d9601719c8116b17f8080145749b4b85995e1847ebd9138ab14495cc6b2247,888
8103da71950e9f072ef1b5ba0aa3ca6734a9ff0d57dbb424f9971ecc1bf480ce,947
812b9be85fc26e8992fa341ffe708329d6e4ba1756c5e22e871711843ba42b11,107
813a4de998ef2586b6cba0e229712f05483256bc8576774487fdaf56561faa65,56
8142c6603dd96810d0e8a7cf77a35b9acad22524130ae450e156c43a1aa66429,460
81b431ef9edcbce61c9b6210c46bab16962629c27c3f2e776884b9ae65f20b66,360
8231bdf4f08d71ca34cb29609d5c75efe8daaa5d7df6730b35bf0c719f867c92,1161
823289cf33d90650e1742c78d62ae3e1ea3cca4f868816ab5db63f2eafd562bf,396
8235c38594768ef76f023723cece2e2ace3ebdba5b7546c3d0017b12b0135f31,778
8279aecffb31b69861dc52957386b79c0863e18d400ac70729f291d8d00d5cc0,267
827e5d814def3f4f206d1c8f4ba86fa068cf016a11d17130bd4984aa29391ee8,1167
829c72cb147f5976a545ad313757add5a5f58d886ae63cb789b274ac2c0b7561,1130
82bd381f1eff434e9306fdc533656914998c5ba4993c2687bbda4326cb31ecdb,395
834f7c17edcbc68bad2a2bceeae51ed40eff7d3c84abf8960af6c85517ddcff2,217
838df61486a9d86e1b5b9ae82872123366d49d5ceea241dd26aa2ace408f50f6,879
8390428ef32698d5f0470b9845bc7b41684eb5caa01c8e62b239119085abdc81,1121
83922864514d80481472a8bce80b88ea9819b7c4929252698f68f2f2955e59c6,400
83b6a36dea0b42eebca4883c1a981dc641c3b4e2ef866881a8a8a24e54bca119,351
83d466269a88eaa639ad69c0d446c33ae92966dcf3eadd9ed4d5e9d966dbf14b,658
8411c2c1d224b072ad127e8c885fb0accd0aaddd2c3b22a8a46bb6b427aa94fd,734
845c6bc853241ddc6c12d5b2884ae544a4b1392dddc26fe9b37c2054ed3911f4,445
846411ac6e45312e48f19d97febdb7e570e07e2c9da7d27408f60142cd68c5bb,306
84741b500ddc6d5be8d7200801a4c353dfea7e11795a1cf9d0a21dc5f1d638d3,991
84a0089d0901b97afd6a87f5dad4999b7034e6a8fbd80889c4aeb811492a3683,285
850283cbe99a6312a23ca9a4c2da2a0d49979b59c1dedd3f930a2807374a94a9,813
851c3252ed8eaa87c0dd685cc86e5d45a29202c98ec534849e738b7ad998bb04,619
856b161c962157f0fba2f721482cb88470123a72da04f7998433d980c70c9b67,1043
85782d0d2ad3941b97a0b3be9982045097d8a348e892d8f2a1dad58be269e7f9,916
85d63ae1079e9cc54aa65c7db71084eca9ab6f0681e40c20c5c7e1caf44181ac,296
85ed00bbd142fa67d376ba68d115650b2361f12d6bfe667e7aee87830b4d60b3,409
862cbb702fa48a6db44766c4db4da1c35a65bca3b9594fe17ca2baa6c47a178e,652
863d894cf2633d488a2a168633a351d83d36ec5c9dd230c2dad5b75b7fb981cb,862
8645672203d73409a1ea11bd0117952e0616ec9bd89a8fb26aaaeea3e7eb53ce,992
86687b96342cf1a79b6be872af397a4c9eea3526868ff1a8405ce6b41f96d381,846
867acf710cf4bb10f6e818039d7b02109a6bf0d0d8a7ce11bb4fa750892e0690,672
86813c8917475f946dc80383fd83ecee517f9d0b3e189a66215dbe071fd069d2,539
8688f436e5738d8e965f5da2451cade1621d824acb759d09f74a80c414b2b715,153
86a78165a4a8ec1d899641388d39d0fb0effb72a970d3037136169907b723bcb,1142
86f0e77696b088cf1bdfb9b5c6aff9efe4b8456da2169412e737461a329e77c1,100
87105b81b97293f66751261bb310cb53e89d3d23fd80c9067e76c0ac0558d89b,389
8719b457ffeebea97162409bea567991dd3413faec884c91e508f076c4c83614,835
8741d902ebe3313dcf08b9a9494580d43a8c20d101a677604280ba745e98abc7,995
877684ee0357b897c7d9dd40a8bd67b4e5fbd076e6001bd42eb6fafe7e2acf1d,897
877fb4b0ffe6b47d79838ed4023cf3a29b34339f326949fd1e9e002c10bc53a1,148
87ab0914bb1b104d01fb9b9a453c9778f9afdd54ceaa064b754806eeb4360ce7,815
87bd736a1b36f6a4d42b98a3a359edb9b268619bbadf925e4dae8b27e54d19ae,683
882a98ffc07db3553ed72abe1209417e591f7d34dff21d8dee08e863b844cf0f,57
88436cb6c903d1b7c93eb641e570c633560261c08ea04f6c282b7e0ef0f54161,479
887435cb22fb5f927d593fc42d79f0ecdb4b838eafd799027da0228149e9ce62,468
8879690078b5cc533eeac2d4302ea2c7adcd8803790e6e7df63757befaf2e594,930
888ddc1450c62454d32135a6d2c00ef8093d2861d0455abd980194f2ae382450,755
88ae802a25de1ee9336a9053c7b797c7b53d787897e999b27d1eb2224b4daeb4,8
88c319484a96cd9d3d8e3d9bde4fa31d39dd219a32109b6077c7b8e78a2d6dc6,595
894b25d92869253e6600b1b9e63f1368edf4bfed3c8a2a38429fb27a567a7594,1123
898ffbd7b10a59b18a9339882a2e9ffdead7386d2ebe6c1bdaddc802051b04df,120
89c44c369800050bf5f34940f554fddc075494bd2894e19f22c7318568b6259e,156
89e1a0e23af9c33d8b6177b900b3bd3f07491413d8db80a4f0e68d164a452e49,513
89f1f4f2bfc2bb62c8a23b01461ebbbbea38be52242bda749ff938f36bfc75d4,673
89f9a445b2506d5656ee449110577a9bc7660eb2182cec1d22bfd40ddb1702d8,188
89fc8ca3c73fb02d53690a21ba6e233ec2c58c9a86a263b1ddbfde22558d7fc0,656
8a6b4791a1f94b5c21e1dc519ab38abd593148380e003ffa8291f6c9d59c8e35,273
8a7a17f2af1a157df961b50afd9292f60fa3e060078e0ac2c792e0045a249e62,768
8a7e70bf811344a23518cd0af39c95e196ad3cfb9dfe678240c5eee9bbf4e882,613
8aa45804ca41a9eff85cdf2e3465e1b0fa468689ce2914e8646a93144845e79b,108
8b1a565619ed2794b4dfdbad02667068ec841a2340ea83f6b16c57d103d76e58,1104
8b400a7714e69e036fc4d2833726c9edcd9b4cf7229622a53a94e79a98a49bbd,1020
8b6a78ede8fb8269bdbe74365b49c797eb9658d46b98482eb55fdf977c153d79,1001
8b6cb6cd6531e3b9c46f608bb0742f206ad268801cf2d5cfd730286301478d96,95
8bd4d09e8bdc989bbbf26c6a2073a72dad7e57253a2e656c6a5f03450d36cc4f,477
8bd83e5ccb97939fd2438e8675a811b4d889db1be12190f239e4efafe44c43f2,512
8be4cafe096c474e0da19a7967263ac90ba23814722da50ecdcdc6c4fbc04205,291
8c1f2af9fc9f158d43a6d06f19cb0f9a1093822e9f276bc6f7ea4d8a49067b51,234
8c285faa8f96cca0798a9d1c6d6b543755545739566382ed2c951a04ba5038a1,659
8cf197fb72eae0c0f11b48a7a381594c383c6e7b786772b4a91b761d9ff8cf93,791
8d1710edd46a74ba0f23c905af729e8ca21d2eedf75b72f7e0f4089484c2fd6b,904
8d3f3cefe1b4cd5936b74b819a69a4e1b76243ba4459b7888f3807f40ce7b2da,1151
8d515f5eae0d519d4b77462e9230b5787bbb6a17d943df3ad80aa34a6456753d,251
8ddc3c1461466d308bc365de4457604cf5de4356ec26f05c0238067702700251,602
8e7782974178c78b070826dc6165091622ae2978c75775d6e1f113419b0aebe9,536
8ead97fa7a09b411f8efdc6cebba04c21856ce94c1883fefdc9602b5ef0a334f,1147
8f28f04940156c36003093e32af1d16453fd078d8a989388d4c0b0c104bf7f56,227
8f62a0c739faf9446ae3db2654d4a6248270be0ad8c034a8229edbc8a2518e2f,357
901327af52fe0154cf5701515c231e40c096fe8cdbb4b1181a93efe7914c6f6e,97
90439ecf36669d8f5e43061c4e6874fae135e70c3d2ef4c29a9b3d26a4e53674,450
9091bdf1cf94710245a560405fed445f5c05045f23ba5eabe065703e76188da1,620
90af9487cf1af92ed14279de7fab3069e012eda7352f7eb33f0e1b5c270ee5a1,663
90c01cd003eb489a6742e6c2de9acf8dcdc755222bdc975d1390a0dc30ccb3a9,909
90da2ef1e27aedab49fe69c2e5ed92301e31f6d99e03403743847afaba9c1580,817
912e0eff6b5b1aa5dfdfec85d0dff5f3667dd94bd30cf54726467a0c64f34aeb,394
913e8db158b4cdc3121c4de7f290826f1af117ac5fc2320a8be9530ef1c2c9fa,1093
917fa28839862b2b7c539e968747367200f22acb076cbc6575216d0fcbb1e994,231
91b37713446d9d3ac984c1069bb556fa014590cc53715cdd08e8a57864e79259,1021
9208a3345f299881ec9e5633e6d17554bbd5c77514d05cab3f1e1eb2f87737f8,1199
9246e266f56f50f626b9bdb47c8d829cf89042d18d262c9cdc9175b8ff321de3,600
924c5ed67f9823fba8e6ad073e95a79da31447a196808e9a576915ed3d89d9c9,550
92535463fa5405d0414e2f5626dd333516459379c096d5779ed2b7fa1a2b7306,1006
93161bdee40c198fcedbeea98a0ab900b5165509f30408e3da98984d19064b2d,1041
93e283bd5d1f8b2f9cc0b5e87b040852ed8f78cad700c80bac1bf26c50563641,572
93e2c3fc29488a5aff66d16e83d43ea19a8c6a71cfd175775b0683c41391d301,1114
940e834fcdd798e76cfe5fef7a0acdc823cc5978a196f8694bf6187dbb07e99f,836
9418f2f2664f434135c4a1c27e06730ee27a7b2586bd360c4c317f277bec8223,200
945b305c10dcb6a7fde61a5719d59405db1fb36ed6751ab020cca1da0c08936c,548
948fe259d6a027093e2834263311dcdc9efb586f14a506c647f0dc57bbacd476,358
94f3b12b89f187203d53e3a8b8a925ff9c24e4c05b82993e487bf28503842b83,233
954a4eec2b72158b5dad2c02e3dc8fb1cbbb5eaac0cc7d08deeee3e191e0da1f,71
95dc1f30aa37193dcf108c64f30f5ddf1873f28faf18a95f88a1166dec9a9373,681
95fc345c34fdc60f14be285f54695a46693b13a15b50178bcfd8d460013bbe6f,1192
9654a3f1d92b8614795d754c0db62186cdca0805e4234ae47fd09b7cb7d61419,890
96a002f4a0c9ea2a910a93978c1ff3e2d5bed5cc12b719ddbf742fe876a3153f,919
96a38e060704071cbceab6dd399b23a606538ad9d4173c8696b180d54f407b7f,664
96c984b9b34dd3a4e68412bffc13e408808fd5afd319466fbd4a358e9b6e2289,1015
96cd8838ec43a12f7044ff190fb07bec32aeaf1af8b1e2b1b847b388dc0883c0,410
96f517121be575c7245e5561181260656eacec260c0febd683172f060f94baa0,688
970e7be4e80343a9207d4118800b18a343db24984855cc07ea2c82d77c989efe,528
971f92c78a5e7be9f548d28805b7f7b7bdc08b4743b40416c547122cdbec4102,923
979e800295e283e2e767154112301d4665ce184606132c41862c9088edde51df,89
97c9dcaecc5d94499f7ae5bf4d57435afd87b7e60cc087b94fc3d922701c0062,1117
9806e972733767126f382130e736a2470dc41006aaa2e9bd767a332f77a137a4,361
9824df4ea5c446122ce701fc5635f5c1b51829d1e61cf7f275bba5440653f7c2,363
98363a54d998b5b4b99d5b80c8835d0b99e4b8338ba276ba5706e318cf8dc5d3,596
98514e221105ff86b12f4ee13a6e3b25dd15fc6d99c4429cf3c6cd301f544d98,223
98de64daf2a692551a4d780bbf0eba1287308451946d0c05eba0c5647ef58c69,811
98eddbd6ef5460a0aab10c1c70d6c8d1e9c60943a66d7173637268b21b66669f,1113
98f34dcdf79263ba1f98307bc970e118ebbbc82edb1fe0f32689170ddc7d6266,704
99185eb116199f597ca102c91236cd42f615d875887caaffd72b2a49bc6532b6,763
9923b4249ab850bac3e29ae952cb2d44a391776853a0e9e68eabe481cbb525b6,119
9969e9e396a929b4f60931e5c1325aa62d41712840ffaf4fad83803ef8662355,246
9978e3bcc01e74fd46ef6d2267c577a907967b7b2397bfa1bd0c1a13e2980e93,22
997ee99f8272a852a25d4d6e4317e757b8dafd1fbb8cd410287ee918260b13db,782
999d0a07a4ff084c21558e643476eb31b4f02046b0f0f9fe64c3ddcd074dede5,157
99c9791bb3946df4090d9c8b1dd573106210661bfa26db000ae57901d827e392,776
99e504bb9e74a6979b2cf28f85cf5cf01ea33cfe0120ce733cf35004f2a8517b,1193
99e989c5545ffc476defbb81e519a93da0c6b8ee71dc11e413cc9e05257daf11,1029
9a290ad04d2ecd13402b287abb75b334afa97c4af858485ec73f5c561ee909bc,956
9af05d2fa8a4240c22f40927462616553c154fe608142cbdcf2a1473bd92b08a,977
9b0d597ef462763d9ee737451a6abd7b46011a0bc26b619f6f7366564c341f0f,581
9b20fe7bf58a866679a88158337889ec73d86f11387bb285a71cf805997477e5,726
9b5b5d3e88c5364c508fb302e547621fbbd42be89a8b762b71fd79087a0cdcd6,66
9b6921fe0f4a3ae24ca06d675d160d919ee858cc56a1fbbe93df1388565312ab,587
9baf476a0ea98f89936987fc7a9f0522ffd3430edd6a3ed913b1422948c5dddc,772
9bb55961c0ea1fc63d5bdc04053147c0807e9e8e1905ef193e13e37282d4da7b,860
9c1417c1bb2529966754028db6eb7e92b888992d84eab9ae6653d6d8865cc762,102
9c5455e77ed06cce030ec5abf6643cbe77f8e63aecbad7677e4837777fb0a710,281
9ca7b6e8a11498ef91796a9fe3c9c30eeb04aeb3067b6f1414f6d01449cb91c8,1120
9d8635467dfcf53dfc1ec72fb70b982217bd09b040b94a3d6ca9324b448a3b3a,171
9d968e8fcbb7940b6e466f0f6a1e851ec4fddcd011cb9c7bbd43cb5083336ac4,1116
9da643fefbe24c620d791e26011ffaf2937a77c17065c0e00fa3f911b773a1a1,496
9dbce6cbad4e71450a2a3e5a1506ffca08a7f4d8dbd083e547c36bda8cb3caf5,1064
9e2e27af26d5e6d64c5af7450d0d551f9f9780e7d3896dd13fb2db5fb6ca3a87,676
9e4c20c4dccdbf294e8c590aaabbb3773d1ecba630c61c79372fdd6fc6187d4c,235
9e929dacbdb7de0546808cbbf274a1dcfb7da81e18b3d828f0bba61613179b2a,204
9ec93a23067f87526aba4c14d31f75d9fbe3d96295382ead7a938e031a738a24,383
9effa41d5fd53d8130da698b52ab7edf0968834eee91ebc0ac6e7e9e478c7e74,1046
9f147c914e4be0e95a8719042abd2f17211e05892470f8cc7f7f0fe058ec9cb0,953
9f9c50dee8e996005b44d0753524eced4222ea2d80e3d019d2fd44e4d1ebf97c,1122
a0b0a23ce369da202904629d24ec5a574445603698bedd8a8116d78c3a309f4b,493
a0bbcdbf681ad2e6af5a569cdac42e61dd64889cf740ef77507800f40656d8ad,241
a12b27ca8babf1209c90aaf4ee2d5f03c2140826b08c1a68a67d39cef001ae62,1177
a1ade792146ca575023640239a1537791e667e46faa8fed3594bcfd620821129,719
a1fa8e6c58fb1891edbca29b0ed5fa58d027460cf9e596f730a5d49f927db3bf,9
a2814fd32c07900abcfd7c3bc6cb60c6f83f6049d923e0618b4d2dbf67276bbf,863
a29e27fcc269c217cf296767429ca23feb4c67260188036679ae4bbf201d133b,310
a2a420722bf5e0f47c9acc52c31c1aa21d844f5e5253ecbfc732492167b516ae,387
a2f8a971318d807e5c0d25d2960d0a6f4677848e71f2603106760c256e92e791,110
a2ff24465eeb106452344ad89a3906c1237d444f6c842887567b2c78bbf69f77,685
a32686825a5b6c0fe158a91ae1fe4d30058391eb133aa3a3863a6705b58aee0d,749
a3862fd7d7ea6fb9b2ca0b71b332cdd2bd7399eb4bd70e59360814fdaf6d6c08,779
a3960ced1c27e2e0fed81fb773074288a3ed39d0dca77a9a0c2b74bcaa1a8277,109
a3c375eb3d2c135fea3e4464ec681cda3e9c77598234eefccdf6afda054bf481,199
a3da6d3475353e07112389d3f5d8b187a16167b9d7d0975ddda9d7545b302a2b,910
a3dd98479958b5c99cd304fec9eb873d4e1f8e991fedffc2e95f8f1cbf196767,348
a3f40587495ceae99cb25009565175032405188a3e021f3d6e1e51f7004a1e99,744
a40d749ef0f018581e476384b5cd8ffa3670191eeec3602679aa4abf42fc7574,1102
a41c0b5f6a421ac7e887531ce507d2fb6199976d2abcc8e07bec7a0aec574703,622
a44ca772cd8b962d772629e2979395b1575f77d39b2c464c7085cba04dd29569,621
a44cffc4630ba3739e0d7b07e4e348305388f1a5654163df5657680141d2ba14,346
a487a93e57b1a1fcae0c1a269d2b774c55fe5b09dbc1f7a25d876d46cf9fe5cc,1112
a4d3d979048f60a7b2dd90ed4dae8de50401c668dd3128d91316431fd7a77c29,702
a4fc23ba1d2711f3e8deeede890c2e2f26094d30c138a95b0c1311ca920f38c7,924
a593e8f67e756a05e20d2d79d85c61b7f468ed0d966e0d4475177b9a19d2bfb4,721
a5961049f51674bf833af8a6f020cb8dc50f61b2b60e1cba1fa445ca0456650c,1165
a5c0f213bc333518c8bead3c934cb45bc989856d19dbd5a6151a507c0a159464,993
a631b1011187a24761c0f4c7276533c0b9d7298a7e22e42b5308121b870acb47,94
a6bfb9f4157c8b17bd2ac341e85a55f161e2541f245ddfd0c805809304b6c670,872
a7410dab0142b565b38ea718e72a2b3b895dae1c0109d11efc439462f0295a9a,366
a7574a326a57f4e418ee7d831f0c1be2582dcb0cae43afe6c73794067b93c389,1180
a7b6f15a72c27934fd6c2318cde1f7cb37882488f4ba45e5d684492e6a10e4b4,790
a803a66f3b6a0587e9c030fac8b82deb5a5552467e2f72297e5f96824e9c8c8b,852
a81ef7a0309a2416c079c20615608233b1fe801903fb554cb87ad81637dcc4bf,481
a84abdcdf2a16d04dc8458875346f8296c76479d310ee0e0cf7cbf9329353569,1073
a84fad25f6cb366de41f4485634d36f6a006b685ee743a0ccaa50edf2ad08deb,1042
a87b867b2d1766666d9609a21e11a249d5c7479ca944f908ed033b4a710cf30b,943
a889815af379e5cfa144a27de3c0c367aa2c97039fdd4175e6b8f3d5c6504749,26
a8aa3a9931307fd72652354a44b1a8d2885f6a45d58ab3fdebe03eacb5096b80,397
a8b350469f641e038e57171ff3277ac6f059c5558385aa275d4a87b2f2a6d155,985
a8dfdffc731e9aa5a15b76236eb37e89da155a868bb4f444c62161bac1602b18,594
a93242fccb83e4ac28a555369fe659f4620baa9025cd91932016f8e8a5bbb6db,286
a97170811e9c5aabeb1bf22af27ae72535b9ef814442aa9ddc6a024e64e21e2c,495
a98f039007c0cb502ec00402b9c4a74b5db2586dd7c3e7d927356777037384cb,1135
a999f8a2d6506bea13ae110b70a4b998f71140f208920ee8aafc3f8d21e77a82,1098
a9b0a9fc7d3105569f3d989cd4f7d8be4b5a46ae89d4b856ab8cf6f6ea485875,31
aa25aa97a785793d3da29f3aa8d2a6b66d366e2fda99ec10793d0c577656bef1,648
aa2605b75e13ea1e15a748d98f613e36e8d2aae2190e14df1c6dfbb8ec180a3b,1143
aa68d4f12362568e3ffadfe1379d8a835e337edee7e1c5690892ff2061bc0aa1,1126
aa7cbd578ba910d336ac718f983f0fe335cd32bccc58a7ede7326dabb3f85c60,331
aab24bad8ca9d60ffeaad4e8dafcf79731be8584bfdb92e335701f9581dd96de,198
aabd98eb085c07c6dd3cda877ee71ff44692b324a49d1e4e2b1ca79f5316eca6,1141
ab35573848e606ebcb141bfbb16629632562183375949c32bef4dddc0b14640e,1133
ab52d14d4cac012215c93e50e4e05d74177db47b371a4fc55558cda3ccb705d3,1076
ab81c4c5151183a3e1a7d86983b6620c70d61cdb41e4fdd0f45710a52a257684,113
ac139d01ea5ba135f3a1aa5db63a081559276e01c98122946e3e2d4020e8c1fc,969
ac62df33be3b76cf1a70b212eb92474974b0beb15386e668994fa76db50b63ee,123
ac8fea102d403bb609b4440025d9a6f506cd3a5ee71b9d75ce807b1871765814,771
acb52bb8769b75d6d4c8f69c45bab5ba2729b0d5c073a7718d2e630f2db3cc4e,69
acc0a3654958d397f60adb2f7eb9986602473d83082a51cb1d10af66f336d2b5,515
ad16c6d88d6fea93f33f66b5f8629aab35a78b7311b48dc436373619731cfdd0,1164
ad2870b110337aad5147b290821cf60b06e782fa34235c5049ec5064e915ce85,1014
ad78c551b3dbac7ece26bfe4caf02170b54cf00e3b2d8b72dddc080775a9a615,130
adae10455fe4beb8b9aed57906a91afb217a28486059449f8c9654fb96df3a7d,902
adf73db575cc2edddc14cb4cbdbbe8908da000c56b40db06bc4b3749846fa28b,1033
ae01db10a1885aab24d846d66a922fa43292e5462d8ffaad13e39c545e2e6199,20
ae2af45fbbc274dc5d9c39470c3752b3081ae425c36372a8c7e0d103361bc09c,1111
ae2f3714d4b0be479405790f0a517dfcce9aef8a56f33e3a3ca54291c5cbf228,740
ae82bc5bb69778702497b7e0c2c38936aabc8f409ea7691e89c4a856fb9b6ae1,91
ae8c22f8d84a5767eefc4607f7374f7268596ff71760b8e08255d136c7656c1b,160
aea9f8ff9e1a1d13c130bac50e590d177c1b6ace3348813f89a5dccf8d47c87d,1198
aed781cb77692ec7d305650ca102a9f504ea33a8f3c9edf9832d1bf7214a2db4,573
aeec2582621622c49c5101d73a8a93d3688e4289935182f9c8f261f699a70e19,838
aef9f232892a6d1503a210234364f19e68bac2572157fc061654dc761fc44e4b,50
af2a6cc3d7a56aee63467742b02ebace5ebd27cec748cb99d5f42a8c4306189e,302
af6a8d948835d9c8c3294520dd4ce00fb40c009443489c6924ac4b3c317ee35e,353
afe559d1ea55bcb31d38dccdbbe15b4e28f3ba923113a42afe4d046efc59b68c,238
b01779ab0f257266e1a55cc49a237d1fa070fb9582504ab48b9421c993bac2fc,796
b0396d886363276436ea7679590087de3e0d0282c3cf6e24bfd57c87786de47d,297
b04f2e4f22cbff6f4d42fb1fd1f95c8b7a655b64a041fcc534ca0e9ceaeef2d5,625
b06fd56330fa3e773b7ea9483322cc6e02de9a077efd0a55e3f36b83489fd79d,73
b07fdc86e06c6d6674aecd853e23629f836fb68bb7f819855913b31276df9220,889
b0a15520f2779c85ccce0996faa9473926f1d16f839c076f6f27dbabcf25915b,624
b0b15791c0943a78830c33d1413f3899b63a381cdce85b4c85f2bdeb74331e90,300
b0d82cd12427a63abe866a490cb55dc362f795df8c599b0fb4bcb325e8b39d4a,380
b0ef8dd07bb8446575722608c2c8694a8aa72981ee70ff997632966bac9652c7,448
b1bab3c4d1e5a9262aa2a174008af7d8b18b88a733d9ed9a967d06f4b123f938,144
b279eac616ecd92033d26f77ca270ca261304850dc47b4dcccfe98a1b997d7c9,187
b27ffc1b8d45819821a97c0c0b5178dd6cd1600978a8716f3f05f9b33b5dc3fa,457
b2c789d84f586a068b36fa5499f9d54226263277b4e4deccce3046475d5c2684,292
b2e504951579e064a8bcd1cd0afa94826db7166c2763528bb32ec446c609bcf4,828
b335b829c4807bb37f613717f2b679022393204f83356498125aa198cb9e9708,316
b3f6929bb0046249c0947499f2f1e790d6c595e1c6448afaaaf97aba72862da7,264
b4166d3a95a727eaf6d0b225e027ac192914bef75de133b068d76ddfc56529fe,492
b4b91028201237a404f40edd26b181dfb92ef58588635a1dd6b0aa92314ed437,216
b55afb172d9d1ea1e06e8adcc46bd8602830163185afe4455faa4b5114133723,1078
b598d77676bc798dc57792a3c0366dd58377226d1641e2660b79a337d38516cd,967
b5daf3f68434f9d86a39aa680141d615b0c8b552bb53c5f6f9570dfd50f7a7af,849
b5e558628459b176ccfb59a074cd5402314a683f14d1891c0fa15e60ad57a3f9,435
b5fa3cec1da96bb3665ec65c98a3f3a60896e87c55a072ad8850b690cbba887a,668
b61017943aed6265c81cd7247d80d7120d0e8ba5862adf8aa95cdcd3630fd724,1050
b6227289701a1067f6ed34596e92bd2b93aa61c34844c195a01df34c569a3d49,987
b66aeba87c13aed73a1f7abf8d98f11570ae701371b6ccfe394bc49ed634d1de,1149
b672b88a1baf000c3fba9be95f49e89e164cdb0f23994bc1dae8cd52cf1122ce,1132
b67589b75b6f3084e136241b02594bac51bf2e8c196a6bbaeb96695e2b77aa88,617
b68112bb257f1a30174b4930eee05519be38d480dcaf4cbac09c52fde854a151,940
b7344492392f8423468af92bf15926574eac3075dcd3bf65e1e77c37795b1eed,275
b7465c8199f6be771c10c089562b115f0dd440668a879fa9140f1fbb705b1dfa,1000
b757879ef1c582f29f677eb344effb54341c18b2536bdd90ceb4a06f71ecdfa6,24
b7614ac9233cd62ea480f861cebac4b80fcdceecc5e319413ca066eb88acc878,1194
b7633cca05278c20b70ea18362277e3502ecad5d0e7f203347e66fd1015cabac,226
b76a80c1527344e7b4e75da2efbfb5bf662abdcca9dd8cd1c43539d7ce7a22ce,557
b7702d7b6a0da536c29f92c7f1922b079cc4a342b339b7117f6c4aca819fad52,268
b792425d57d5a2a68c105d08ea72789e157d3f85c82f34285ec8177e3667f632,276
b7a534fe804f3ccff6ced34460b7e6fb79d0650aebce9e9b6c9ec193abb35ffb,631
b80c58c44f6433f3b05d1b37956c8641ccca35d21b4c84b64ea328f5b11bae7f,723
b85644f0768921530fa514add8fdc6942e7e6c112a077421bc476be0f61928d0,912
b8789540e842e50401021fde438569e260adf22f66f7ab31aa10f13303785e83,762
b90908acc82a9bf1a5db8c4d74698a22a39b406b9d7772cc8af79bdc244375d5,984
b9136e1152ff0db193e02707249b5c8be07a4bd57851456d080507d4e66763dd,510
b9195dcd817ec6edf12ff5b55a78b561828d1367604bfef5310c7cf70999e83f,892
b91cc20c86fb55e1d276b08725675742a0707f1172e577ae06593dc8c9bdc7b7,864
b91e22bd09704c8c3aff9882a7fbc39bc6ee244104c8cd4aada864c47709fc1f,754
b91e5a8cdb324c6455b37701f34fb819a72e02097727484757f6b3452959cf23,543
b92085062b21b90578413bfe4c9945a7d22dd21393557826785583003ab48b9d,143
b953fa7f6806aaa6af37385927ee068a2dcbfa8f7e03035bebf90f203e887893,232
b9ba68220d3585938e4115eed25d0ed7b3e688439403aea371d6d859e4a6ee8b,523
b9c558a86f0b5ed4bca0f0ef019bdf675c3a55a9731917250f10cb72b7cb87cf,86
b9d5cc3c2b6fcc86c2b8fdf8c63ee714f55218e7f8c9b840395e850e8fa205cd,369
ba24945990d7bb10cefd8f2e7733e25735f961282994e0a35b32cc397d422e98,347
ba4b9ebeb4c3cf6c94e09e479de9c8b4a1949ba799be8179241a47d99d0db107,7
bac5b895bd9d86ae784a9420644b0b95e45a634bf78925d4f82dcac70b4c623a,1082
bac60694af8d34f8c8dcee78398846ba0a6fde58b029c1edca3e21d615df19ec,64
bae0ad734b413ea79ab997ee0d8e8d878d168967faa07b1b9012693700678058,851
bae4e0fbd0754f45b560b7a067b3cad98cbfc694a74297527322032ae3f149ea,59
bae8ca9802f05c32771dcbbdd0a237444be541456e8e6603581db1b825c27dad,356
bb0cddd6b7b287af64a2ca945eb8474b52a1aa46bb86d2812c2a830f0f554c29,839
bb21a8a613d5c359afb3f8cb49fa04275a397a3c33c18d954443f660b7cc7f7b,592
bb39ad168955046be1ec9b785c6cbc96db2cfa9126ddab4b57b728b87604eac6,797
bba4c1ac097ae746623ed3bb30d70a3762e14f05d698332f1193b73f76cf89a4,689
bbb3dc15d79bd97ff8995b2cdbe06a1ed14db7977f73788db2bcb036354ef5fc,92
bbd13cee96676a4bd9468ea1f689f5b602215d60aa2016ad588f2f595748ad0d,1067
bc38df19bbefa212fea044dab440f05adfb435254fe861cd3796ff6c7f162a10,634
bc7772cddfd75f13ecb844c1b4f2c180365ee341746b943880bc027e7f081be3,710
bc95554c6057ddadeddf1e88a0d7af1bb833390262be2fb4fa06c65cdea55bd5,554
bc9e2569f6cdd1fc463f01f1e483914e3af3f6732210381cec9a6bdef8a81f16,933
bcb06239d01f32cd509a225b2262336c6f6751271a6d7f9d969a6a534ec54c9c,807
bcbc7cca45833af2e2835c1cd7d09478ae2173730e8639dbaff0895b20d0e497,384
bd0604133b68474eaf5a984b5a949ddb2d02b7a1efd2aa6a766538d14d43db6b,560
bd4bf83842c90e277f27495857908c2c45bcc829fb8694fbcc4266eacc69c280,224
bd66c45a3ccc7a9fc220b6ed0a88334905ca58596c6246bb90eefe2616c69ea7,739
bdb277e8f3b23fa85245c66c6608930d56a1dcb2826d83870d705bc05b685c3e,999
be156b0f11e36e80d089347598ce67686640b36e4b0b73c1ad40b56d80f45120,78
be9b83c50e9855ba9857850ff09f51fec2b678eb0df0eb40db8c170a5d3f14d7,657
be9bcfc6a3410de67dd6bb0bf680b2f7e6fe32d9439575c3ad3804a75ead8f21,90
bea8cba17f362e6585788bf8239741583e39ba81c9f204deb275879f56a79192,70
bf17c90535a0919a760532427594c787311fc66241acbf06ad6e1bdcefa03b3a,1022
bf1cf0d2c2554f275400ab386c266dbdaaafaac37033fbb9800331232afe8167,830
bf520ee61cb63c180c8b3f658a4e8d37b5b2abbdf78319511d4e41449a959b77,376
bf53cdcae27a66b93954a2329935f558b405173729326f1f43cb69ebea924839,1080
bf67b615b544728087ddf41f9029723477015cca3b0395fb21d81483827dfd96,49
bf6ddcee7bba06276545d6bcbbd29ddab1a373cbe42589b12f2155f0c0e5bb9d,875
bf85456f3d4b199d174ee0444f37ed10274f51c9ecbdc61bc2c429ceca381045,728
bf95cca1d96aea2c91504e0dd389cf64f9c06a384919f207cb5bc64af3364755,980
bfaed1ff197cf0516d0e8f2bc14476d35d88bc0ecfddea5e300531a715159662,379
c00de9e9f9b890e56a987d83683a6e2a5cc4d7190b12d5e85f3b82c262323471,961
c026fe41c72ffa6752d830a8d09cd335151a0bb841446bd22d3146853b22c3aa,3
c0451a4c40b644daa5bdc83b3420301fc335e55aaf9270483a695bba7973b096,167
c0b7c194debc7cbd4cb76450ff2a6d7e852eac149e090e7c08f72e6de529bead,1054
c0c2b702101c0dd2395f8ff1b5b55c85a1540aa5c08f11bf6ffc890639642054,162
c0e21788eb5b2f1dbe03c8dd97f3ec927adbf0e7ac660292039b39099e1d0f54,861
c1007e7ca3372ca57d51e61dc89f9b925a4e5948edd2d444618ae2a350e73113,753
c1113bdda8c4d20489c9b81ae48a662b632e339c8d3d48236b508d145a0dae7b,750
c12cb6e29228732c2bd94d6d94b46eeb95ff9129f5e5dff2066764e1a9f1a27b,915
c1386950c0897a4208259b97a2a6ad3577887fad450a6c98e4d3b04dd5b6b20f,1016
c15a7dc0bc4737f1bfa8e07c8971f7df928ca0c5055c799e966b783959fca453,166
c16d313ab078e280703bf14b937147d6f101260b01146713243844e561b5db95,784
c19601bf4dfa26b0150aa4fd1e1ba4c4188a3426e775b1d16731e5ccdb92d8a9,15
c19d576c9c85440225428e669be6c4f858a57a9b6951e305fe07010a668a6b4c,77
c1c44d19a23359b43e03cecd0b8ef162329685892e689ddde44b93c2429cf931,93
c1ed6211e7ae7d1eec1d99353e18abcaa67d9179f9b1de554f226a57189d7e94,746
c202ec56e13363250030a5f38eb715f21828955d9d3424bd3f4d4e1b90f08154,132
c2eee78d4ec365de45b3bc38b98859dd7abe944e88f85710a081059f7f8870fe,309
c3192c2d1dd827193b5bca142f59e28565f51380a31b0b4c80bb0923c02b47bb,406
c3315eda2adca5d732dd6943a60fd589d00bcbeeb520e6bc55caca9fa2bfc0f9,535
c36f7b5fd5be94b25ab24ed3455638fc07505431d6f0b7b5ae17e10501a3ce31,46
c42430ba653769c5aebb7e0936b7bd25b459483dbf3b5e47277a43c073569646,709
c4380477343b49a8dc535f6b352da225eb0f79e4601e4f0e5e7be2862dbd0e06,322
c44353e650eb78e32eda8e88ee88711d93b9d2d1a8efed7b10ef8618a8795f30,1048
c44edbffb4622f53a63705c502c441e76d0a756e414b7e3462b73d716329bc1a,327
c4914f5b2e744d572bd3e4e66aa79cc456a628d4098b34697a394e447446446b,314
c4e375e7a152584fa3cf7261100a19e38d192a2ef42a169d86c3afa23be59c34,708
c4fb670ca3466147dfca6d86adabea7d64008a9fb8649315686ebaf6ec486d64,308
c507e0159bd32c6e9bbaf2c2325004d54b37f0b6575dd9971041c76a12d0cc33,444
c50abb269f86b19bc91b38033de7a80ada93e6606c0b450ab344d1bc609af90a,561
c513a69bc4e823dd5235d1d3db41b26e3698ca30e656b1d09effecf5114b158c,699
c51e98a55327a505ce9967c198039718d35451c0aa7da04f74ab060c4ff734e0,925
c68343366e0201c4c062525a239dfdfcf95e1ff7e44dece5e62b072a521197d3,773
c6faf95401e570c6e684b466d0c47b301de48d44e5aafa34319418e930dab661,1138
c700984880650fa332dd6c19b62091cddc4d5692c68ed83fdea715dfb7c71b95,342
c7788ca15dce1dd04cc893904654b01d9d58b48aded35c436f03269dbdbebc7e,618
c7942ef34d02124f6e8e895a721c54a7ab0468f713e1152b67c27f23c9d88477,833
c7cb3ad123602ded06f68f89351da2ca7d191f9801913c7ddb5b8a6756117055,906
c7fede3b9f2613139cdc73b1314835d7d2a762ee856122144e867e2a9bc1fbec,1105
c818f05a64666836fb391386f0f218dbdd05d9b4fee8af510a9a44542d6ad813,1056
c8c5bb1d51a4c9caa075dbfec6363361fc2ea51dc100796b858520fca791a513,855
c9a0e007e7709401f4c3e8a2e6c331e9530738d7c41acdd67c5956c089f9e887,501
c9d4f59d0c8332015d753cd10ba9dfeb9e19e5a5b9beecfd5eba5c1b879dd7cc,546
cb689d9106def0d465888940e873545b612c8a75638d42004d06514b6fcef42d,716
cb78366d4a61a4be1d93669891359cae1ae3d7c9227a60c3b3b90e914cc15647,489
cb7cf68f5737ccabc23755f89db32ea7a2ff6ace429a09fad2a5ceb17089642a,34
cbaa6c29edd7f284714f5840c90d1bafb105c1cd5d9f0f99a2b48feb810ec52c,38
cbb444cd49bb9d6205a3a00c5f543a04c82f279033e7a28f543ea2a88b563cc7,494
cbd7143a937d5b4ecb12fa822ec9667361d3981a6e8412d8f76a749f7894f45c,352
cbe12d297233b598e8914f10bb4b6951bfde2756b302b53c1905f8fe587046cc,994
cbe867726c0643be8e8f12a8015cfc60a5fa504bd802fa2ac2eacf560a2712d7,374
cbed35f4a8f3b64ce8647ab550f77f868cccb0d42f3537131dc4aef78a10ec2b,195
cc533ffe6ec8713790b5f0e5c72bd3ec79e553cfbb3ffcbd610b812d3dfe2fef,443
cc912d405479b92b6a6297d1e6b62565a7d937603a97e0d95d553bf28c52534f,845
cc9b269a3e353fe0b27c44562aa800df2bb53d5fa13682019e36959b339ff04f,823
ccd0f9bcabd5a449eb80e3b6ecf5c6f35818482b329b66c78228f7a59150c18b,230
ccea8373045d8e412193b9c6b9692fbb268d706513843aa7fedf0b72883ab1d1,326
cd1caf107e435177849f1906b8ad60d7a03475d086e53607eb977e3f5290cb11,810
cd261b9ff97f7728c20bd842be77634322312e371a5063e71cf1424274156962,417
cd768a26ddf1bafa0cafa2f5859e4777db687b701e34b90c359934b88f6743df,263
cd97128848a1796f9f19d33f6f84c73e98831c839c888eac7c23c6c95e0cef3c,798
cdb8bc7b6968788a61c8d8c0b8f060b5f4e7ef391d46c74ae22e4284b074da3d,503
cdd3fc75ada1d71fa01730b25ab461b59164735a73f2782b2e541ac14e58e060,641
cdf051b628deaac40848a497537c08b8dceba6cf3f346d86bac65568281e5a58,139
ce7e75ea5b6d3b7516815aaf9aeec060037b8c4ae175772b1ea423170e7f3c14,585
ce8ae2be3a38e292337e78460106483cbdb9fc28b8b6d8084c99370315e10351,886
ce9ccfcee72e9c49f2ca3f1a6f05fc4716ccbd67da4c362e79334bc21ae0992b,63
cea37dc15f46a7a0dab82340fa86d36c1cc46360ad382f8d27ab632d083601f2,182
ced6c8497da42547f0fdae9d8fbf8fc13c4b06eef5390d49f1f677df0fa2d245,1068
ceef108bdd4c70fcde81e5bc0be59509a94619254bebf9c9cd3713ea12921d17,53
cf28e5e8593b4b63d4537b3341522ad835ceb929379a5bff0206a61fe582250b,261
d04564b13e5d315a2b64cd2b44fc7a09fe84421645a970d7d728a1ea3c662d7e,687
d0aea9f1561af45ddf111013e8dc7e47cf54d69fc8e2197493817894458885c9,48
d0e16526f4848284b8230d77f25d199f1ed2daa76d2b321d8ca5441192827d41,96
d0ecf691125b4cb63d511b690ebf748df8c3eea563322b207b905fd37c5844b6,766
d11db36d3d8d540492472f8b961f0cffe0493e7682bc42f8b49bbe4dd7c7d719,99
d1714d5b41c21d027d9bef204ddeb55c3f7816df81b07b7702e6ac2ff6494810,713
d1de1b48de6611b93ff4d5163d7b85b44f408efedb483b88943e182fe5f3aec7,279
d25c2e5461b0bde4aa53174834a7453b384c0b2a1102d324dfa8c03fd50ff8d0,907
d25d0180f64615f5b61857b8427641456f401e639dac6a3c34495a6c736ba895,189
d283b3652ed43d5ffd54f58781611dc4503d85c62c6ac6ffa92a017649fd8bc7,237
d2e079149a5ef9fb06d1ba25596f585c39e6c6c2a11e3750faa6f396a30b7d5a,684
d32a9da7bd4520d6d1f7fb1d00147fda11322a32023b8f7aa08b75893abbc189,1170
d33033d9c4250412a3cdd6df116ebeb263301003146fb2a1b5d29f9f8a489399,800
d33163836a4b4b627c26ecf45d67843a88c9ea4dc26060a229ecb9286c52bb28,850
d347e25bbe023e2d1f73c73711cf2b675107ab2e17281a26c7dccc01783bfff2,242
d35fcd860e3e25d9192f123c00c22313005b60ad0509d2e2a1083a1dd830bf8b,869
d390a99aa05640fca186c61c5accff029992e7c18e3e6758146ae1fa5b63a8e5,466
d3c2f939ec0f87618d62135047cf1dd6864af691bba51a5e41a7d52137b0fe62,321
d3c38a196c837ee4c5fafaaf9e7d6c8283de9ef2bc0ab5318fe34daff33af491,146
d3f6f66bf7d52de5baa27e2b83f013150ba0b99c6acb5922d1f10c79f501d933,871
d41f2712248ace2787c86a6e72d3aa7416060e2cf28a327a202fce6f5efb6f13,638
d42c0ccf508fa1b9a1807eb716f1623f99e9dbbc3647b2ffbc7696376e5d9917,1051
d42e1f4c31292e237d40dfa14967bfb091dbd475f3657c00bd8472ef771168ac,731
d4ba3bace6f59bc8f1d5c1f70254336d9c90dc418265afd0d83d90d5b6d57f06,601
d4f6b58e51bc8cdbfb4dc4de65f794204b37a004285a5000d9de44543ddb6b1d,12
d513818c0dfcbf5836dbfea565043af7bbde59672c29d09d5474b603e405f78d,1
d518fbc433af8b509800032a1b836b11a1f58ea8aab10f5cf9e810c0887d0418,1159
d5217eb7d3cf3132c586c8480a7863bef67c4a511dbb6e2dd8a50b2f62fd02b5,819
d524c5fba1cba489277b0ddf0fc35e57cb08c4f5dbe59fad134288a5516f8063,694
d52ca3b7a5379a393a9c7ab868d957c3f47091122891702ccd00c607223c5fd4,137
d55d24c77bef83e16a903e4f66a57eb8ef5a1a504a178b8fba8b66e783135c0d,844
d58a6300b24606468c3d3f3a3e4383bb18c9f648165eaf137e58ed5b96bf76a4,442
d595ef620e7e5bdb97c2fd0378cd26e271764552e4d0d1bf9483bcf0921a4e8a,1061
d5b928229a34554953a712016261dd28652e4a6f464327ad9d12306eb8a2dd82,490
d5c6001bb7e40e84c7df93cf8cacbaa350f2bacf264bd11dca03b190b6377569,799
d5eeda70d38b76510c1a4343f5dc6f02b9ef17ea30434dbb94032e9d62f01f15,644
d600b6fc0a3364eefcd283ee4d61cb9ffa46040393aa6f274562b5e63ff5f924,1084
d65b41137331d8f0b868dcc482f3d77838a3a6030e1bfd355d88cffea2b8a647,133
d6764b285bc6167a0bb093896e78493e8a2f01cf32931f678b14a9a57b60f640,853
d6d9623e3feb435f16dbce1cea7fbdbd5e08d54d0221b3b3f292dc068fd8ab79,640
d748ae8d10a59c81bfb1714b4e98e327a4c33c7c8a4537b2c512f11147936b23,151
d759aeb2d4cf9400d2e8d997e8b10ba154cb00ba0f9c7f24b78bc2dabca6c2b6,186
d784de301039990e5d294d84a117f34fb07cb33ae6d1f094a59eacacab45e6b0,1091
d7ad1ef4e2ea8ee0e148f2bc170bd0a84f83f8d03269e08a97b68c860200eba0,637
d80dac7cd3578d1d547bc5755d9e9bc794cb02422620cd54b545e7434e8fbe12,412
d8132b835c6415e0b17313f7e81792f03c96abcbb56144d0910648d492cd089c,958
d84acacac15014acfa270e196e68f85609db67baa81538657e4c711c502d0a9d,2
d85c3ea03ec5940224104bd4446cd9ab3cd5324c285f7d84d3664fe063666a41,377
d865ebb69b1d760203dc5485869f099ce0a104177be74fa39ff3f92d6a2e1ed3,527
d8712dc9c795c4b68fde41cc236cc7d4540f7593f37c268bf0b338cca5ca7c8d,253
d8d13f0d1ddcf850988d20ea1188bb4e333d1030c19252828bcf687f6cd642ac,497
d8e7c8353a1e44e49cd686d9965a76c45076e8c5f2a2b0bf770bd8d37f753094,159
d99a148afdbdb1b9093aa1357862eb11fdc79aa0a3327a3c173eec3c64ba11a4,963
da05138e4cd5aa86fbb38de04a69c9e1213730d8b9fd320f34e6107ddc96a7b5,330
da089b4781ed7ffe38169d621fea782b2a9dc7524f278455e2c583710d4529e2,150
da6d82a6abe30912213ae23022bbb4aaf9ff34fe6be74823abb1fc2792bc7d04,1039
da7c2ca20c892c4a99f5b339eb9b283d33a59a225cc01cc1c4089d5a94799a3f,33
da87ff02113aa0e0ba77ee95d263395f541a7b76f445414577f15b6f42ea32aa,317
da8b1986fbe7f6f931d42a9b300d79b5b1f2f978115cb0d24461bb7e840486ff,545
da94a942e4875c0d68741f35724deb86c462451855e73dc9ddf422adc8774181,743
da9ac329d17bbc6008a875eec3aa5f2b5666d482def6b0ee33033c18d2c0fdd5,761
dab0bbc82ddb023de149f26eb38ba0a9612f1f7ebf3de1c6524230ccda286961,208
db339e6d7beef23980265dac36b8ea19b1eff3e10fe3708434a05365df080c3a,320
db39b40a3cb24360454e7616bbd6e76adb3329c66451baa1c4f976ac6d1f83e2,179
db58b48700d9806ceba9b8f258a903510d09d71a43b6e418a0de15604422d6d4,98
dbb64308d34c58698da7036d44bf015132edb18282b5f0da8549472ce5d0c6ab,1173
dbc2b02694c8fb16fc9dd981ffe301cdb64206e33a3c719c95fa030558c3e904,403
dc09090243692565571565abf3b9ab2b519708a22eb57e29654505a9919096ad,343
dc35b8dbf18eeacd0acadceb7981e83059187a07f44c5486985f5de903d6d265,650
dc5dfd0b32d743a3109911a53ee9785e2a4c66f2a85d83f8d92e805c1feb8be0,914
dc7fb919dd134fd1b6dbd0985cf4bcc87cd325b30997318e4d799cfea10d6be0,112
dcf0941fead38e1678f154a0df8b87f96b8c72e4354bdb65a6a0e2ffe5c5245f,590
dcf1cfe5d8600fc151cd885678c0d3a02cd2bb6da84556a6790d6221e368ee35,332
dd9a4318e910fc9f7950c0acc807089fa35a91f94fbf003ab53511b8d944f7fe,207
ddadf7ecd9ba90674b2867d6c75de8041eaff7a80fe30a892b43dcfd816c736c,271
ddb8efb5a8e346d1616d2c47d6b1d35f398e7e58d6b9cce2141ad63a1052c52c,733
dde3720a12cfb9fa1621a3faa30bde1774411f6dcb46f5fe1ee10668492a7217,25
de06ffb28256d003c56a2c2932fa670548a776e15699ccabdf28f7faaff20f21,628
de4cf8a04c80aa04ae854e0c0adc8faab2ba754c76c788fc61033093d0a66f97,243
de547aa0795847812bfa7818ba13bd816604338866ca8e8798d410fced41c7a9,325
de6c05daa295759f7d66143a499be7c81a5f4bb62d532cf9c53d49015255247e,565
deb62d58812c5c75bc49cde6f0bf438a5fd36e5880966a081814e13e0e047b04,218
ded5559a9ad214b005b943e21b3f09af952dd11f858f181d5636b133331b5659,111
dee28683ae012b2c638f6d062865148d7f32ed8d53581d67d4fd5b31a842bf90,1058
df1f8c0c681ce3f02a5a25b8168d378f78e5695373f06469ff118b38c89c0013,583
df63ab7309690a7b69c4fa220f679ef739b1fb3eb2adfbf72986a3eebd48e080,803
e000c1710657f6b82db258c2b02fe691311930eed55323fc6a1297b1164799fb,840
e0048b6554918ea223b40cf355cb52408133e45b0e6fa5e0871fb134b76ff36c,1156
e08102f2771e5a8566cdc6bfea285095f2e4ca6e32e37e0d86268fdfe5320b94,1032
e0928a9fb18e3522ef367b75f963a4a0f9ad98d4836082602a28453e24332467,1038
e134d6088103c17a8f0d3a27a7c1f64722b3f0b7e50a205a190f2f2547e8f646,876
e19ddb8df4a87a4d9051b24adf5cb7089f4a871e22613e2d0476b6c1293a6877,820
e1a7512a579a37fe6a0efe2448e3c881ecd44f6732f35890e61270e421ae853c,42
e1d6d40adef37a8eff0f34b5a20b0f8ae4e08506ff48f315eb0264bf5a5e031a,1110
e1fd5ad15b5ab6414ba007828652498d12b8b5b8a1aa1887d10862ab7620b725,215
e24f3046304a61d6deadc1966d5706480013644f22052dbe2da7d9d2a4108c28,1181
e251b0e91514b5c8ec41d7d7bb6959049e82ddc14ea4aa613d054f238f4239e2,484
e2579ca6711db02b39fe8909da0388bdb96b7804b80093a1bfa70657742a481a,84
e2b02fe1d3e20e0107de1488d6317a8c44376535d43189a2a6a512fafbcfa8f2,597
e2d3bcd473e68eda780c0691261908e1e194a881c0aead833d1dc46fa3c73533,51
e2f006a47b257f399ca1c073ece7305856dfe012745031d7c757dc1f8389f572,35
e303018255ccb3d4666ee7874faba218c4af8b384561e23c94b22850e332b06e,272
e3198ea1c007fa4e451e0f7cc6a530675c7e60fa426e0db9f5dc9f67fb37078e,1150
e341c7d25af8b5f7dbc76020afd91a4e5eeb184d7fd9c0875668332bdec2ffc9,936
e3617ddc6609e1a84b2a1d4c059e0e19ff842570e483d1616e160d33e04dd98e,178
e39ce7681291413f41d96bf21f0366e16dba8b02d204427b403af7060a6e00f5,893
e3a35e796d007e770463f407e73eedafc34cd857d78545973d5349f9d8ebd986,996
e3cdab191c2b77f84e91d7da8fe16702aae74cae8ac91a8930bcb6c7dd6baba3,932
e3db83bb9401520b7f6021e01bbdf92ac8fa93f816464730e15a8d8ddad275fd,551
e3edd68f682bbc455c5604e6e67d106b7603401b42e1b9dfc8cacff4f76ba80d,588
e4098d3aaf68167cfe0157b71c6cb0b3d5d99cce926c3686161ff8188a3c9cf0,525
e432dcd392a570d4b608c85299e768b9037d0ef4070bfc6af78ec82bee28d4f8,222
e44d2e50ceb1a9dd3d837ba54b08d2b988c071d10940da5b2c7507ae60b14ff0,758
e45e635f07f139f506cb6a0c76b5bb51775093b3250374d7492796bd6aaf7518,614
e46ac5d1ee6581dddef6ab1e457b5fef4edcf2e2cf9e8c007c065f99e33e8bdb,1094
e479805bc13375cb38cd27082377820b3f0e0c83ef591060e56738ba49f5a5a3,697
e4bfa39b76871cfdc48e3584715bd2192f51f59862b6183ddafc10de8e640595,941
e4c4f1f14b7b97f480a748ac70bc79d53b3c30f2acd128799c8955a4cf7b6c0d,122
e558b3d9775947e9f949f9c60970fe2ef7b40c734984b142c2440e4093a02a37,1178
e571fbea3eb610303830a262dd07b7b1cb9bb8f1fdc4f9b07516ede8986273c9,328
e5e7e313de4105cb73522fb18fc0bd3434c905c97ada09d43791d61ff8c33ed4,737
e60ab9536dbbac53184b8bb13b8390be70318a3fe5de58176f21be73b1aed675,438
e62fd6108e1c3069e7218968eaddb873dd419db14a5c0dde46ae0818970568ea,767
e687fc8d35771be919555527b8eccd8f294b8bd89810cf7136b402614248e0e6,373
e72ccdf94b1347d3338faaa9e3679bd9f963bb21739ac3a346124257ef9f1269,1131
e734d9ec8cbfadb6debf8d66bd99bb4cf20306d8409e633dbeab8ec2c0e5b580,236
e748e9c2f5b80bded610d28d8beac32369ec7ced58288dce87961749b56a739e,362
e7811d35eb561ac92cfe74066d840de99e0349bf8ff0f62999f2c8e172ad6501,169
e81aa0fe0088a53f0db86b721ecaab9a87c5cb6ac84e909f2e28a715009776ff,715
e824bcf5372f7a6ee247a998d170158f6c04743fc822715b5567e47d62fb7bc6,732
e83bf54226aa783889be2122bda92d0592ac84d2b671ead346cef9af2b864502,623
e84cba96acd07b4ca9a482f6e2aff3bac12d33f3011b0efd5346e07f60415f83,653
e8755793740179ce5ffc99ecf3f00f6236bc99a4dbf941877c53c9bda1e91163,225
e8b230451e4480f8d8ad1b7bd3ba22fdf32868f4ccd5fa3b93810f48191f418f,571
e8e781f88a50ae0da64b431404340e848cf37c06934beedabf6b1cca3463bea1,829
e91e95fbd488bab5d618e89b28c2e4401944248524b4cca2e996707a70c96f79,896
e936da3d03ce12795b141728b3fea39dc2bba0c4aa22b64f21e43961369f105d,707
e95c98be22e078b1aa9143924389759a643b0e77b9e602f4e41269c688eedb58,976
e971c5adaec4832a6a2d7cc1a4547622153bd2f00d4c5b96a4e81950e4dba5c1,175
e98cceea176d1f31b51112eaa7662a6b84d69860eaf3e43273d1ac4738f7f844,526
e997f7c5146ee310934785bccd4bafab41cabf56551ae81118c10fd42137306d,825
e9f74fb92400c207e9df43862fca56510a519696b981e72c87a0d37e31e43b3c,665
ea095bcd46ee505fbdab5f404a898fd5be8331d9916965d072eece9472d3b6f6,591
ea65d3f3d1947d9ce25831c22dc1a6a9302fb0b448e2b7c6968ab80a87d7c114,257
ea9ce874c67dc3e4047df0e29205bff0f6d903e3f61d759ffbd40ec2fb502959,1189
ea9e4d5d1b8f4afb632203fb1e536ac2bf35e75b514ea896b922756254fa95b2,1026
eabc789015c6c221b51f8bfe9d8eaea6cc2efc5b08335dd3ff729926941e306b,486
eaec0e02b7fe6632092e1147d568fecdde185a44667c4abf296dd016f87993f1,214
eb00dd879a30ef00cdb17a3f14e6710ee4c83502af8ecad73255611b2e84e8ab,962
eb06da1b3b0187263035fa62699c69f73717b40209f4ce258599f1dc13305b9b,806
eb2ed30ae149caf16683af7d2f855b6955d04528e5bf444d7af6a166b35d6633,475
eb357b3b0b178084fceda52cc5ad79197cb0db46214e2314cd3e0f619bad7243,1083
eb374e3522517ea6d2533912d2395ed09e189b5969c183b3557b41fc78d3a778,529
eb5b2913c3e279375847a60c4c54346e7f8e7cb2c616419aaea0ccfa7ceb4aea,74
ebdc156ad84ca22592079fa04fcccd71f66583addbb7ac95828fa7e900923edb,426
ec4bd72e33c926f0c04b1754a2de0f545006965f169b9d4daa3a9f868069e11c,329
ec6c11b38141909c0820fd46c1932cb91be4fc586572a14ecff7f4352b88ba04,82
ec7f1e90a2a09ef0690d5f976e64b32ee64b78580ea82b24320472e6d5bfc176,711
ec83c2391a060c47168b152b3a12b7dc79ebe7af2bed4ffa9b78ef9c1d7d961a,701
ec84c9a82258ed74a95fcaeebdb6b599342a435ac877f6cae29d3351a277406f,61
eca6e6c68dc57c41d90278db8743972dc88794479267af4fbe3e9ccdb58be4ad,428
ecb56d633b2881c5b47a20ecd4c800716926b812f328e61dd05c7eaa67437ab0,36
ecc2093cd96c60ff303893b1f0aaadd3d7f72aab31fe5cd465c6d6bbdab4ac4a,1108
ece34711728a3aca88b9799b3f495293d76b7a09947d6492d3614120f1d45fbf,700
ed151f204b28150e5bf2016f9894ddf9d7cbd9fe637d1d2ee8fbafd26090b6c5,174
ed19016173d551c8cd66c9ea2c3e921104dca0d5c36fc01ab4c7ff6636e1429c,105
edb2346cc9457d47b181ddd2327037d17a5bd3fafd27ae7c5d9dd8e002110ac8,345
edb5b05601c9be3202b3054f2fee13d420c9fb8aa00955a5f387a13c0225a7ed,83
ee4f76043e796197ec82b3343818caa79b5b7612768b38c967c1c36d00760630,979
eea867f98dc674b4309b4e4c379f56df540083bbcb1b99aa9905405584fac36b,65
eebce5996821b5042103d27e5945e9a2cc9e052179cc4d61388c1e6f08d26664,822
eef7e08d3bb9f7c2aa5901e7a265525f59ec549c9cdcd97ab36d4ecea3c5b47e,874
ef0fbdd25b40a3bc55f90416c692d72316084b4991365d85055eacfc036b9e3b,854
efade4696387caac6a69e5578bdfff972148e8e3d343232b53b99919860f57c9,998
efb3a7f7045be5e364460f1d7a1a42754777437c97378963b3408e1e580fff62,955
effdf67b891e50ac186ca2d914cb080ba2717c1b4a446658a296c4f3ed5de50f,244
f02d3d988f60238f25a65a4c84cf294e2a58466e4190ac87a7f7885968f3ba35,1074
f05268003fea109534980edb77924a7cd6e0a3a75972054b299605791e5beb27,1119
f1687855c3487e83aaf2513bd4bf31ee5c816d383850c20f2465afd0358cbf33,1013
f16a5770b150eaeb94fe83a7446d3f34ad6a8c11d9edacfc816d3efed3f90428,483
f18b4f07b98608d2ccc779c273e7b35a6605e4eab9e5844b5f8a569a9cfde256,1085
f18e5b3a7582e43152b1aa5ac6ab5b9d4312ce6f648a9cbc4a572aeca025b38d,4
f1bb70156afc8880109abb98b1c4caab060e2ad831b6668d452b646cf8da2173,60
f1d834c54e6b56f1e9cfe7706b015f2a6344df097747e0243df3a9d592488fd8,970
f20552c6870edebf4f246582c39536a61d9ad22690008d7af54e1b381dd3f17c,336
f2263e48e18499924e1d0b7bce04c0d4cc096dd6d0bcfce3180c5e5d9ec0b90d,103
f258771e95f0f7069023d12a56c49ac174092a7a94877678b52d4a60550427ff,934
f26e85eea94a6ca95a33abd572f2e6e01b6d84d47cb543a45de313df98b60e7a,682
f2f4a06617f7973053d891b11ac66e61311731ba6f0dc5610ee9afbc7cdddca9,826
f327185edcd145f2276ab4c913934a06a4b710b3dbc23b5dfea52c68795322b1,1109
f33f6dc956aff37b8eac7937ed8600fd0fd342a70a1636bed09efd4451d93d28,775
f36ddf2dcc664cfca06ca85dd391516be0d12e5a58d980c601fa8d7285723f88,52
f46008ae4f99e36f0aaa79570d2a29fe8509585b37fe33726605da7f41f59a85,660
f47d53e2abe56d013624ea0de7652cc808e1c2550897ccd98a6caa5af76b302d,339
f4a4a6fee5985d902c6791e168ceeca9f10334ad9c632155c78375a62ec0e355,255
f4db3a7b430e079153430d558098c6bde25610d265f50b8f002434df7af41bf2,857
f51dc796004bcb5e5b82a7c502e176915cd4d2d72efddd5a97ccbb4673401d2c,965
f53ab8fc4b527348469f4e2c71cc0706e1ed7786af4ab673b180a8f3368ff1d3,221
f56971606bd96a50d5c2343f67f7717d5728bc2b2213171bfc64a498dfa37011,1166
f57864bb3842116dad2fac68a96d4e57e437ad64774c9c9a09c0ab116427d1fa,725
f5926ea8641c5b32d34f2def58b1f75f38187b70f57e128bcbd12776fbc60cb5,184
f5db94c90ef8bfc81ac69faf2385ac9a658b765aefd831cee01a2e6c3fe47501,1188
f5fa076a576763652177b82760d95b644a08a866c68ed1e79f1fbbfc953f7136,32
f60d2ca180d4ab1ec8f675841b098c794a36793de4342b5c95540983f0d03855,10
f637e91942f4c2da8f94f35191b34e0a17e70e1b8f195acf757c5cefb0bc963e,787
f6517569431b1cef18f98f25b036b0f551a82cec67277d8c991a16f3bfcba6fe,1062
f68a60ddab96da44339375b663b29307dc76c24a70cc1c22b518080877d41cb4,228
f6eaaba282b757dcc90a7ea0c40df46f927ae16c78c91b1e235913ba91bf7b16,117
f6eca17b7594e2fbb90f40f25aa5b682febc21da6753282b3409db316b0ad111,577
f73805665236ab5e355306ba638b2ec36e9c444bb3500290116fa433b86a9479,899
f7a18198bd9200664eabba2bbd52d2d380b7ae374b541b990057ccfc82722046,724
f7bed1e83af06190829213c4e53a4f98a48c489b9b9eed2691d6bcacaac38185,748
f7cd60e47104157ed0c10d70d68d2847a7f2e098b4cc953c5ed5029e4dc13aa7,1162
f7cd8e497b63378b65492644cf9b133a51515f0028c53c167563c3311b8e6680,556
f7ff231efcf557524f7a07382bdfa759d32fa2e9690b14f317ae8918d31393d6,41
f810baaed766ec02c3911d2e7b85d3ecfd23a2ba51d0fa17cade0b76445f794c,549
f86a864e3ccc8f46b51eb795221bd248077a8e7dfbfc9d18a125808e77405bf4,422
f8ab514602427f33de89d577234aea86f4f5e7fb22d49cbeac7253a33608828f,954
f8b5c42d22f0a0286b6e493f37d17bc2d55a6b046b3bdb01f9be68eb3d92aead,780
f8dd9467b6423eb0ef22af56609a29047d7833561d99cda3315ea7ae6b79c7ac,378
f8e7fd406829d15ed74e83465071e739d797e2699cd49ebd2f0017ec551c8029,439
f90c9b2f05f40388191c16322401c2f9ab30027061da0cf72047be7613b10f35,1057
f944c29f8c48199a949f2269df854987ced551f21d4c5eab907f3547828c0df3,456
f94ea2bedb888acbb2e2eee6f7543ef12311a670c26103617c88a840e65571e0,847
f953f30be0e642250ac3157e9e1affccbaa71ae081cd551f894ebd7ab21d61dd,986
f955153fe66df7c91cd618976835e3e4a91436c6bc57e6050b90bf532d21c5ba,1024
f9baf2f9f6dec53de7bb00c62e2e394fca630d8a8429e7bd1cf30159dbcd26cb,30
f9d06e47f77c79d9a4ccf3bc33d0eeb5fa58df5beb9ac4a295f632c91e61d02b,441
fa2f558f369d07240d7ce5baf946ea49fbb824a76f63461841d0566adf11a501,429
fa61b9eb0b306f8989ca162d77bbe20ee37fdaded462fd8a31edaf5305e776b1,1066
fa7185cfe2d0af5a32dabf02040201ee54d9fa75bf797787ed9c64e7004583e0,1152
fac275407bb6b8da55c1101d9fdb31eb76c5ab1097e67f6f600bb23f7f6f0540,454
fadbac524d61388ef64eb5e21316057659d1d9d85caec626a9a3946376131910,1028
fb1854a8b8fb08ad92c641fd8720a08afeaa03f760aa586fe4aa7e5048947659,277
fb4ae5f166d8c9ec62eb5dc03b9cc1414b379b7308cb36c0ded2897fe0340e94,690
fb9a423deb1b77f56fa10ff4fc2a4f2bfa801e4148c33e8ea792b833d1c33593,487
fc03941f7c15db9376e1b1e66dbff5572df96cb5d09a42d287d86f0a18fc88fd,427
fc2d2492e826d852e3d8df06ed1945722970e67b2b0bb8489bc11228e79b461f,104
fc331dc1a8617e742d21042ed84068f3782b55454c4a9840048d594b5af68f2b,511
fc817c2a3b48b7b6b3812d4c00e845fab031734dec8e34d80b68c4dbfcf23050,580
fcb73653c65bac9af8ea17c307995e2d99037a2030861ed62b34b674b941dc1f,514
fcc3602ed655b2817635b2ce17106545a367247bb50455745466c4fb2fec4df5,667
fd038d028ba93c8e0c32879286a64531ffdd88e929088a7e171f79e46fe21f4e,534
fd5ee032d42e354d441418b2ac53193c8317a4a0ca2d612aae56d573da4b7346,670
fd73f6ce5c8f0c03c58bd32240767c2471d15588e6e788be77b95f6ab230a074,250
fd8ccb4aef9d23559e5a40a58b8a1c081f48a6870d3272ee43ca2e3f01fda762,630
fdb068099e2b2a432c6711f3953e85a6b921c6bdda2877b3f55ee8a48af637c5,805
fdc102479b2b6d1bcf95455e1232666176ee48ffe1c6d763d9f3966bb53299c9,462
fdf355b313bb63a9edc17c19d2e8499e35ba16847891d36b0219bdf6441564ee,381
fe0111ab306265427132650e09c602696c9a5f1263055fa1f9d9ba2d04de62de,783
fe0b6979a661bea2498c6816de9d8a0d725f677290de973c58491e6c01ddfd6f,289
fe2b917f62b817b6e230a2350455cb313a6aafdc7860f787858f13fb6e793f43,430
fe7b300240f9723693ff0065d29deade11ed36ec0cd9bddba2bf4e1d33f9cb67,318
fe9a171794c16e3da697df822977198a405482c40eca2b0f4279b57fa0812c4f,1124
fea8daa476701b1e3e62dedb249f17f6176ea3193daf5f59fa949ce62e5c42f9,1118
fef02e27ab5b6b11c21b21bdf765bac9713e9c380d84f993a34c6fa93680da37,145
ff3f46581a84cbed4e58226aac7389d65dd6c43cbf0e78b5ebf7ddf983e24078,520
ff5c2f9575b3d7acc26d8c662fdcaccb56517900631ef02489756839656de1e2,751
ff65d8137b5b2cb52a2656a25d15d5557abb5350be277ac44dda35bb8f6f07e6,126
