107,0xeac54e053b41ede4a6dc3510254ea127304c8785
100,0xe645bb168a0f7588caa331e89d88acd22e1885c0
46,0x5ab68b68757ea098f174ece3ed70a767e3bb5b99
42,0x5301661d5a55e3712537949c65b86ea72cf41519
19,0x2c815fdc7a76c2e508bd0359b5b7241c2f69cbff
77,0xaf4ac2f4c6787e81db915415eba3425b39fdf163
95,0xd512ee04a1fd6f8226c2ea3543601177b96a8738
26,0x2c815fdc7a76c2e508bd0359b5b7241c2f69cbff
49,0x5c1d7ba69e4f73250decc014ad838051636c2c23
84,0xba9f86ef24824a3b436f5c65eb3f2e6ba3be71ca
81,0xba9f86ef24824a3b436f5c65eb3f2e6ba3be71ca
74,0x979cd16c8a263d82a265f6de80e5c1f03ccaf1d3
29,0x2c815fdc7a76c2e508bd0359b5b7241c2f69cbff
90,0xc91a7d0a725b8d3f078dff6fd99770ad102db6ae
44,0x54c6351226be0aada9f4842adaf58e4ce9f1a08c
58,0x7589c864516db39454bf4518802dd2a75b5a290a
98,0xe1960edd5b5dd02dff17d509da2db55a315f438a
27,0x2c815fdc7a76c2e508bd0359b5b7241c2f69cbff
75,0xa68205df9ad19a03bb223d29183c313280cc68d7
40,0x3fd986ea4767cdb9f48c14e469c1cdb9f1e56e56
101,0xe645bb168a0f7588caa331e89d88acd22e1885c0
96,0xdfcebd4d1078f2d67dc3873749fedbc93faf36de
35,0x2e7bf9b07a16448d956e6457cd17f9384eb10f4b
21,0x2c815fdc7a76c2e508bd0359b5b7241c2f69cbff
110,0xfdce46b4fc4471720d5160a0f7c4d21d1e2d7286
51,0x5c1d7ba69e4f73250decc014ad838051636c2c23
13,0x2364a06924d23fa4cdc9e950031d7aba0ad194e2
68,0x84f9f8de9a299dde16c974df224d52587dc08542
24,0x2c815fdc7a76c2e508bd0359b5b7241c2f69cbff
103,0xe76f76bee5f159721ac9d41338d3638cde0069d1
34,0x2e7bf9b07a16448d956e6457cd17f9384eb10f4b
91,0xcbd14770ce571580e9e82b7188bf8b1e78bacd05
20,0x2c815fdc7a76c2e508bd0359b5b7241c2f69cbff
57,0x6bb1da15b40868475708b70dad9002baaf23878d
22,0x2c815fdc7a76c2e508bd0359b5b7241c2f69cbff
2,0x039f788e37992719773ac21ca18bed79ab65a85a
104,0xe76f76bee5f159721ac9d41338d3638cde0069d1
83,0xba9f86ef24824a3b436f5c65eb3f2e6ba3be71ca
76,0xaec0eccd8365f4136ef581b8ee70a06f6b952c4a
25,0x2c815fdc7a76c2e508bd0359b5b7241c2f69cbff
8,0x0d8deccc10ece0c006311aaa8b57bec8d6dd1879
52,0x5c1d7ba69e4f73250decc014ad838051636c2c23
61,0x777b43699b854e3688e9b3a8cd3cdc1f419977e6
72,0x95d7242abc063214bd0a733a5929239ef788a4fe
80,0xba96ef1b0ff48d4c81a46b4b113b559a7111d343
102,0xe7003386e12dd2915639a8a6a017fce86b388d21
37,0x316a35ebc7bfb945ab84e8bf6167585602306192
15,0x2c815fdc7a76c2e508bd0359b5b7241c2f69cbff
109,0xf6fdf388843ed9eae555e65fae38fe984efe3312
97,0xe08232cc25479f5fc3e9ca3f4edbb045490ea360
59,0x7589c864516db39454bf4518802dd2a75b5a290a
1,0x01f1456f5af0afdf17aa05efe4220d9adaaf00dd
105,0xeac54e053b41ede4a6dc3510254ea127304c8785
48,0x5abd6a48ad5ad6100ddcd5438b8a2488e5c083f1
67,0x83ffe44de15601e77acf0a0dfa75d94afe7f41aa
30,0x2c815fdc7a76c2e508bd0359b5b7241c2f69cbff
78,0xaf4ac2f4c6787e81db915415eba3425b39fdf163
86,0xc03c278662c0026aae447488048c4796df771927
87,0xc23998603fa0e2488864f6dc44b5b1fc41465bf8
54,0x5d009d92587361dc3a9974798448a80006627b60
106,0xeac54e053b41ede4a6dc3510254ea127304c8785
89,0xc38f32cdadcec1897236019fc871e35c97b1b4dc
50,0x5c1d7ba69e4f73250decc014ad838051636c2c23
66,0x83ffe44de15601e77acf0a0dfa75d94afe7f41aa
7,0x0d5f9bc4425eab375f5020f51dd4742205e6bbef
62,0x78f800d6eafda376ab299e0b3c02fd90411c0f22
99,0xe645bb168a0f7588caa331e89d88acd22e1885c0
41,0x43caa2a428175097f1b10e91e10d52c943c6859c
88,0xc38f32cdadcec1897236019fc871e35c97b1b4dc
28,0x2c815fdc7a76c2e508bd0359b5b7241c2f69cbff
18,0x2c815fdc7a76c2e508bd0359b5b7241c2f69cbff
53,0x5d009d92587361dc3a9974798448a80006627b60
9,0x1bd22bb269b89e491153375c99203cb39bb7830c
70,0x8d0523b77b20304ba26cdf872c13397524cecb0c
85,0xc03c278662c0026aae447488048c4796df771927
63,0x7f78689a853c1fd84e322d47590ed8232c0e6328
73,0x95d7242abc063214bd0a733a5929239ef788a4fe
